model,F1_mean,F1_std,FP_mean,FP_std,FN_mean,FN_std,false_alarm_rate_mean,false_alarm_rate_std,miss_rate_mean,miss_rate_std,normal_clip_alarm_rate_mean,normal_clip_alarm_rate_std,early_0.5s_mean,early_0.5s_std,early_0.2s_mean,early_0.2s_std,mean_delay_s_mean,mean_delay_s_std
AE_Recon,0.6960439335860841,0.004230205814384652,11.333333333333334,1.1547005383792517,273.6666666666667,3.2145502536643153,0.0027709861450692336,0.00028232287001936243,0.45611111111111113,0.005357583756107192,0.0194444444444444,0.00481125224324692,0.7142857142857143,0.0,0.0,0.0,0.4450980392156862,0.003396178054056578
AR,0.5707547169811321,,6.0,,358.0,,0.0014669926650366,,0.5966666666666667,,0.0333333333333333,,0.6666666666666666,,0.0,,0.4823529411764705,
AR_Relation,0.6320541760722348,,6.0,,320.0,,0.0014669926650366,,0.5333333333333333,,0.0166666666666666,,0.7142857142857143,,0.0,,0.4411764705882353,
GMM,0.9277985351927877,0.0013673148426948066,11.333333333333334,0.5773502691896258,71.0,1.0,0.0027709861450692336,0.00014116143500968124,0.11833333333333329,0.0016666666666666947,0.011111111111111066,0.004811252243246862,0.9523809523809524,0.0,0.0,0.0,0.305,0.0
GRU32,0.6076059727372325,0.006216456849998533,8.0,1.7320508075688772,334.6666666666667,4.509249752822887,0.0019559902200488666,0.0004234843050291014,0.5577777777777778,0.007515416254704762,0.0333333333333333,0.008333333333333299,0.6031746031746031,0.027492869961410787,0.0,0.0,0.5407407407407409,0.008486251286955241
IsolationForest,0.510937731766349,0.0015653275638152222,1.3333333333333333,1.5275252316519468,393.6666666666667,0.5773502691896216,0.0003259983700081333,0.00037347805174862313,0.6561111111111111,0.0009622504486493184,0.0083333333333333,0.0083333333333333,0.5079365079365079,0.027492869961410805,0.0,0.0,0.9791666666666666,0.013010412496663293
KDE,0.6883116883116883,,6.0,,282.0,,0.0014669926650366,,0.47,,0.0166666666666666,,0.7142857142857143,,0.0,,0.4722222222222222,
LOF20,0.829686013320647,,15.0,,164.0,,0.0036674816625916,,0.2733333333333333,,0.0166666666666666,,0.8095238095238095,,0.0,,0.4549999999999999,
LSTM32,0.6382740677161608,0.0031006407988330375,13.0,1.0,312.6666666666667,2.5166114784235907,0.0031784841075794003,0.0002444987775061001,0.5211111111111112,0.00419435246403927,0.04999999999999997,0.008333333333333349,0.6984126984126985,0.027492869961410763,0.0,0.0,0.47407407407407404,0.0032075014954978773
MLP32,0.6402012551799877,0.006288954670890409,11.666666666666666,2.5166114784235836,312.0,5.291502622129181,0.0028524857375712663,0.0006153084299323852,0.52,0.008819171036882015,0.03888888888888887,0.009622504486493783,0.7142857142857143,0.0,0.0,0.0,0.47407407407407404,0.008486251286955297
Mahalanobis,0.9233480176211454,,11.0,,76.0,,0.0026894865525672,,0.1266666666666666,,0.0083333333333333,,0.9523809523809524,,0.0,,0.305,
OCSVM,0.6248574686431014,,3.0,,326.0,,0.0007334963325183,,0.5433333333333333,,0.0083333333333333,,0.6190476190476191,,0.0,,0.5823529411764706,
PCA_Recon,0.7785501489572989,,15.0,,208.0,,0.0036674816625916,,0.3466666666666667,,0.025,,0.7142857142857143,,0.0,,0.4777777777777777,
Persistence,0.3805668016194332,,0.0,,459.0,,0.0,,0.765,,0.0,,0.4761904761904761,,0.0,,0.95,
RobustMAD,0.4887218045112781,,3.0,,405.0,,0.0007334963325183,,0.675,,0.0166666666666666,,0.4761904761904761,,0.0,,0.9375,
VAR_Ridge,0.6111744583808438,,9.0,,332.0,,0.002200488997555,,0.5533333333333333,,0.025,,0.6190476190476191,,0.0,,0.5294117647058824,
kNN20,0.647450110864745,,10.0,,308.0,,0.0024449877750611,,0.5133333333333333,,0.0083333333333333,,0.6190476190476191,,0.0,,0.5588235294117648,
