mode,window,input,condition,F1_mean,F1_std,FP_mean,FP_std,FN_mean,FN_std,false_alarm_rate_mean,false_alarm_rate_std,miss_rate_mean,miss_rate_std,normal_alarm_clips_mean,normal_alarm_clips_std,detected_by_0.5s_mean,detected_by_0.5s_std,delay_mean_s_mean,delay_mean_s_std
original,3,all_sensors,fault_jittered,0.9274853801169591,0.0010128952091046177,11.333333333333334,0.5773502691896258,71.33333333333333,0.5773502691896247,0.0027709861450692743,0.0001411614350096885,0.11888888888888889,0.0009622504486493734,1.3333333333333333,0.5773502691896257,0.9523809523809522,0.0,0.305,0.0
original,3,all_sensors,level_removed,0.9072049074898585,0.0009322604524759857,14.333333333333334,1.1547005383792515,90.0,0.0,0.003504482477587612,0.000282322870019377,0.15,0.0,1.0,0.0,0.9047619047619048,0.0,0.31499999999999995,0.0
original,3,all_sensors,normal_rounded,0.9274858561972348,0.0012998255539509787,11.333333333333334,1.1547005383792517,71.33333333333333,0.5773502691896247,0.0027709861450692743,0.000282322870019377,0.11888888888888889,0.0009622504486493734,1.3333333333333333,0.5773502691896257,0.9523809523809522,0.0,0.305,0.0
original,3,all_sensors,original,0.9277985351927877,0.0013673148426948357,11.333333333333334,0.5773502691896258,71.0,1.0,0.0027709861450692743,0.0001411614350096885,0.11833333333333333,0.0016666666666666635,1.3333333333333333,0.5773502691896257,0.9523809523809522,0.0,0.305,0.0
original,3,current_only,original,0.931918656056587,0.0,4.0,0.0,73.0,0.0,0.0009779951100244498,0.0,0.12166666666666666,0.0,2.0,0.0,0.9523809523809522,0.0,0.305,0.0
original,3,vibration_only,original,0.7968696497198486,0.0006792317127813699,15.0,0.0,192.66666666666666,0.5773502691896278,0.003667481662591687,0.0,0.3211111111111111,0.0009622504486493665,1.0,0.0,0.7142857142857143,0.0,0.4833333333333332,0.0
startup,3,all_sensors,fault_jittered,0.9647396829055137,0.0009421923579758354,11.666666666666666,1.1547005383792515,30.0,0.0,0.002852485737571312,0.00028232287001937674,0.05000000000000001,0.0,1.3333333333333333,0.5773502691896257,1.0,0.0,0.10793650793650793,0.0027492869961410734
startup,3,all_sensors,level_removed,0.9423192900835703,0.0009326542213583272,17.333333333333332,1.1547005383792517,50.0,0.0,0.004237978810105949,0.000282322870019377,0.08333333333333333,0.0,1.0,0.0,0.9523809523809522,0.0,0.12380952380952381,0.0
startup,3,all_sensors,normal_rounded,0.9650319259184971,0.001254133487147247,11.666666666666666,1.5275252316519465,29.666666666666668,0.5773502691896255,0.002852485737571312,0.0003734780517486422,0.04944444444444445,0.000962250448649381,1.3333333333333333,0.5773502691896257,1.0,0.0,0.10634920634920635,0.002749286996141075
startup,3,all_sensors,original,0.96503148108433,0.0012725398712601565,11.666666666666666,1.1547005383792515,29.666666666666668,0.5773502691896263,0.002852485737571312,0.00028232287001937674,0.04944444444444445,0.0009622504486493775,1.3333333333333333,0.5773502691896257,1.0,0.0,0.10793650793650793,0.0027492869961410734
startup,3,current_only,original,0.9554723930024652,0.0005195792318288466,6.0,0.0,45.666666666666664,0.5773502691896263,0.0014669926650366747,0.0,0.07611111111111112,0.0009622504486493684,3.0,0.0,0.9523809523809522,0.0,0.16833333333333333,0.0028867513459481333
startup,3,vibration_only,original,0.8387094496805393,0.0006297477255801017,18.0,0.0,153.66666666666666,0.5773502691896278,0.004400977995110024,0.0,0.2561111111111111,0.0009622504486493705,1.0,0.0,0.7619047619047619,0.0,0.26842105263157895,0.0
