clip_id,source,n_samples,start_time,end_time,split
normal_0001,normal,41,2022-07-12 00:00:00.019,2022-07-12 00:00:04.019,train
normal_0002,normal,37,2022-07-12 00:00:07.224,2022-07-12 00:00:10.824,train
normal_0003,normal,24,2022-07-12 00:00:15.267,2022-07-12 00:00:17.567,train
normal_0004,normal,10,2022-07-12 00:00:23.324,2022-07-12 00:00:24.224,train
normal_0005,normal,50,2022-07-12 00:00:32.752,2022-07-12 00:00:37.652,train
normal_0006,normal,50,2022-07-12 00:00:39.756,2022-07-12 00:00:44.656,train
normal_0007,normal,50,2022-07-12 00:00:47.676,2022-07-12 00:00:52.576,train
normal_0008,normal,41,2022-07-12 00:00:55.468,2022-07-12 00:00:59.468,train
normal_0009,normal,26,2022-07-12 00:01:03.576,2022-07-12 00:01:06.076,train
normal_0010,normal,13,2022-07-12 00:01:11.621,2022-07-12 00:01:12.821,train
normal_0011,normal,50,2022-07-12 00:01:21.222,2022-07-12 00:01:26.122,train
normal_0012,normal,50,2022-07-12 00:01:27.857,2022-07-12 00:01:32.757,train
normal_0013,normal,40,2022-07-12 00:01:35.646,2022-07-12 00:01:39.546,train
normal_0014,normal,25,2022-07-12 00:01:43.757,2022-07-12 00:01:46.157,train
normal_0015,normal,14,2022-07-12 00:01:51.655,2022-07-12 00:01:52.955,train
normal_0016,normal,50,2022-07-12 00:02:01.294,2022-07-12 00:02:06.194,train
normal_0017,normal,50,2022-07-12 00:02:07.924,2022-07-12 00:02:12.824,train
normal_0018,normal,36,2022-07-12 00:02:15.921,2022-07-12 00:02:19.421,train
normal_0019,normal,36,2022-07-12 00:02:23.876,2022-07-12 00:02:27.376,train
normal_0020,normal,23,2022-07-12 00:02:31.936,2022-07-12 00:02:34.136,train
normal_0021,normal,22,2022-07-12 00:02:40.000,2022-07-12 00:02:42.100,train
normal_0022,normal,11,2022-07-12 00:02:47.868,2022-07-12 00:02:48.868,train
normal_0023,normal,50,2022-07-12 00:02:57.334,2022-07-12 00:03:02.234,train
normal_0024,normal,50,2022-07-12 00:03:04.000,2022-07-12 00:03:08.900,train
normal_0025,normal,36,2022-07-12 00:03:12.129,2022-07-12 00:03:15.629,train
normal_0026,normal,26,2022-07-12 00:03:20.215,2022-07-12 00:03:22.715,train
normal_0027,normal,12,2022-07-12 00:03:28.182,2022-07-12 00:03:29.282,train
normal_0028,normal,50,2022-07-12 00:03:44.676,2022-07-12 00:03:49.576,train
normal_0029,normal,50,2022-07-12 00:03:52.544,2022-07-12 00:03:57.444,train
normal_0030,normal,42,2022-07-12 00:04:00.140,2022-07-12 00:04:04.240,train
normal_0031,normal,27,2022-07-12 00:04:08.213,2022-07-12 00:04:10.813,train
normal_0032,normal,13,2022-07-12 00:04:16.224,2022-07-12 00:04:17.424,train
normal_0033,normal,2,2022-07-12 00:04:23.985,2022-07-12 00:04:24.085,train
normal_0034,normal,50,2022-07-12 00:04:25.827,2022-07-12 00:04:30.727,train
normal_0035,normal,50,2022-07-12 00:04:32.537,2022-07-12 00:04:37.437,train
normal_0036,normal,38,2022-07-12 00:04:40.416,2022-07-12 00:04:44.116,train
normal_0037,normal,37,2022-07-12 00:04:48.455,2022-07-12 00:04:52.055,train
normal_0038,normal,24,2022-07-12 00:04:56.641,2022-07-12 00:04:58.941,train
normal_0039,normal,12,2022-07-12 00:05:04.636,2022-07-12 00:05:05.736,train
normal_0040,normal,12,2022-07-12 00:05:12.566,2022-07-12 00:05:13.666,train
normal_0041,normal,1,2022-07-12 00:05:20.498,2022-07-12 00:05:20.498,train
normal_0042,normal,50,2022-07-12 00:05:22.496,2022-07-12 00:05:27.396,train
normal_0043,normal,50,2022-07-12 00:05:29.007,2022-07-12 00:05:33.907,train
normal_0044,normal,43,2022-07-12 00:05:36.499,2022-07-12 00:05:40.699,train
normal_0045,normal,29,2022-07-12 00:05:44.604,2022-07-12 00:05:47.404,train
normal_0046,normal,17,2022-07-12 00:05:52.492,2022-07-12 00:05:54.092,train
normal_0047,normal,5,2022-07-12 00:06:00.487,2022-07-12 00:06:00.887,train
normal_0048,normal,50,2022-07-12 00:06:02.560,2022-07-12 00:06:07.460,train
normal_0049,normal,50,2022-07-12 00:06:09.177,2022-07-12 00:06:14.077,train
normal_0050,normal,40,2022-07-12 00:06:16.934,2022-07-12 00:06:20.834,train
normal_0051,normal,22,2022-07-12 00:06:25.547,2022-07-12 00:06:27.647,train
normal_0052,normal,50,2022-07-12 00:06:29.384,2022-07-12 00:06:34.284,train
normal_0053,normal,50,2022-07-12 00:06:36.231,2022-07-12 00:06:41.131,train
normal_0054,normal,50,2022-07-12 00:06:43.040,2022-07-12 00:06:47.940,train
normal_0055,normal,50,2022-07-12 00:06:49.646,2022-07-12 00:06:54.546,train
normal_0056,normal,50,2022-07-12 00:06:57.798,2022-07-12 00:07:02.698,train
normal_0057,normal,50,2022-07-12 00:07:04.844,2022-07-12 00:07:09.744,train
normal_0058,normal,50,2022-07-12 00:07:12.647,2022-07-12 00:07:17.547,train
normal_0059,normal,50,2022-07-12 00:07:19.348,2022-07-12 00:07:24.248,train
normal_0060,normal,50,2022-07-12 00:07:25.971,2022-07-12 00:07:30.871,train
normal_0061,normal,50,2022-07-12 00:07:32.847,2022-07-12 00:07:37.747,train
normal_0062,normal,50,2022-07-12 00:07:39.560,2022-07-12 00:07:44.460,train
normal_0063,normal,50,2022-07-12 00:07:46.324,2022-07-12 00:07:51.224,train
normal_0064,normal,50,2022-07-12 00:07:52.879,2022-07-12 00:07:57.779,train
normal_0065,normal,50,2022-07-12 00:07:59.767,2022-07-12 00:08:04.667,train
normal_0066,normal,50,2022-07-12 00:08:06.337,2022-07-12 00:08:11.237,train
normal_0067,normal,50,2022-07-12 00:08:13.092,2022-07-12 00:08:17.992,train
normal_0068,normal,50,2022-07-12 00:08:26.424,2022-07-12 00:08:31.324,train
normal_0069,normal,50,2022-07-12 00:08:33.206,2022-07-12 00:08:38.106,train
normal_0070,normal,50,2022-07-12 00:08:39.956,2022-07-12 00:08:44.856,train
normal_0071,normal,50,2022-07-12 00:08:46.662,2022-07-12 00:08:51.562,train
normal_0072,normal,50,2022-07-12 00:08:53.480,2022-07-12 00:08:58.380,train
normal_0073,normal,50,2022-07-12 00:09:00.084,2022-07-12 00:09:04.984,train
normal_0074,normal,50,2022-07-12 00:09:06.833,2022-07-12 00:09:11.733,train
normal_0075,normal,50,2022-07-12 00:09:13.436,2022-07-12 00:09:18.336,train
normal_0076,normal,50,2022-07-12 00:09:20.084,2022-07-12 00:09:24.984,train
normal_0077,normal,50,2022-07-12 00:09:28.152,2022-07-12 00:09:33.052,train
normal_0078,normal,12,2022-07-12 00:09:38.862,2022-07-12 00:09:39.962,train
normal_0079,normal,50,2022-07-12 00:09:41.691,2022-07-12 00:09:46.591,train
normal_0080,normal,50,2022-07-12 00:09:48.366,2022-07-12 00:09:53.266,train
normal_0081,normal,42,2022-07-12 00:09:55.827,2022-07-12 00:09:59.927,train
normal_0082,normal,31,2022-07-12 00:10:03.867,2022-07-12 00:10:06.867,train
normal_0083,normal,16,2022-07-12 00:10:11.896,2022-07-12 00:10:13.396,train
normal_0084,normal,5,2022-07-12 00:10:19.799,2022-07-12 00:10:20.199,train
normal_0085,normal,50,2022-07-12 00:10:28.656,2022-07-12 00:10:33.556,train
normal_0086,normal,46,2022-07-12 00:10:35.872,2022-07-12 00:10:40.372,train
normal_0087,normal,33,2022-07-12 00:10:43.851,2022-07-12 00:10:47.051,train
normal_0088,normal,23,2022-07-12 00:10:51.896,2022-07-12 00:10:54.096,train
normal_0089,normal,12,2022-07-12 00:10:59.756,2022-07-12 00:11:00.856,train
normal_0090,normal,50,2022-07-12 00:11:09.294,2022-07-12 00:11:14.194,train
normal_0091,normal,49,2022-07-12 00:11:16.040,2022-07-12 00:11:20.840,train
normal_0092,normal,36,2022-07-12 00:11:24.056,2022-07-12 00:11:27.556,train
normal_0093,normal,23,2022-07-12 00:11:32.266,2022-07-12 00:11:34.466,train
normal_0094,normal,8,2022-07-12 00:11:40.267,2022-07-12 00:11:40.967,train
normal_0095,normal,50,2022-07-12 00:11:49.526,2022-07-12 00:11:54.426,train
normal_0096,normal,50,2022-07-12 00:11:56.244,2022-07-12 00:12:01.144,train
normal_0097,normal,38,2022-07-12 00:12:04.143,2022-07-12 00:12:07.843,train
normal_0098,normal,25,2022-07-12 00:12:12.164,2022-07-12 00:12:14.564,train
normal_0099,normal,24,2022-07-12 00:12:20.177,2022-07-12 00:12:22.477,train
normal_0100,normal,12,2022-07-12 00:12:28.175,2022-07-12 00:12:29.275,train
normal_0101,normal,50,2022-07-12 00:12:38.192,2022-07-12 00:12:43.092,train
normal_0102,normal,50,2022-07-12 00:12:44.747,2022-07-12 00:12:49.647,train
normal_0103,normal,45,2022-07-12 00:12:52.064,2022-07-12 00:12:56.464,train
normal_0104,normal,34,2022-07-12 00:13:00.089,2022-07-12 00:13:03.389,train
normal_0105,normal,34,2022-07-12 00:13:07.971,2022-07-12 00:13:11.271,train
normal_0106,normal,22,2022-07-12 00:13:15.873,2022-07-12 00:13:17.973,train
normal_0107,normal,9,2022-07-12 00:13:23.836,2022-07-12 00:13:24.636,train
normal_0108,normal,50,2022-07-12 00:13:33.336,2022-07-12 00:13:38.236,train
normal_0109,normal,50,2022-07-12 00:13:39.886,2022-07-12 00:13:44.786,train
normal_0110,normal,37,2022-07-12 00:13:47.957,2022-07-12 00:13:51.557,train
normal_0111,normal,23,2022-07-12 00:13:55.976,2022-07-12 00:13:58.176,train
normal_0112,normal,10,2022-07-12 00:14:03.904,2022-07-12 00:14:04.804,train
normal_0113,normal,50,2022-07-12 00:14:13.584,2022-07-12 00:14:18.484,train
normal_0114,normal,50,2022-07-12 00:14:20.310,2022-07-12 00:14:25.210,train
normal_0115,normal,40,2022-07-12 00:14:27.908,2022-07-12 00:14:31.808,train
normal_0116,normal,27,2022-07-12 00:14:35.936,2022-07-12 00:14:38.536,train
normal_0117,normal,27,2022-07-12 00:14:43.837,2022-07-12 00:14:46.437,train
normal_0118,normal,17,2022-07-12 00:14:51.621,2022-07-12 00:14:53.221,train
normal_0119,normal,2,2022-07-12 00:14:59.657,2022-07-12 00:14:59.757,train
normal_0120,normal,50,2022-07-12 00:15:01.577,2022-07-12 00:15:06.477,train
normal_0121,normal,50,2022-07-12 00:15:08.384,2022-07-12 00:15:13.284,train
normal_0122,normal,42,2022-07-12 00:15:15.740,2022-07-12 00:15:19.840,train
normal_0123,normal,29,2022-07-12 00:15:23.669,2022-07-12 00:15:26.469,train
normal_0124,normal,18,2022-07-12 00:15:31.742,2022-07-12 00:15:33.442,train
normal_0125,normal,7,2022-07-12 00:15:39.684,2022-07-12 00:15:40.284,train
normal_0126,normal,50,2022-07-12 00:15:41.948,2022-07-12 00:15:46.848,train
normal_0127,normal,50,2022-07-12 00:15:48.726,2022-07-12 00:15:53.626,train
normal_0128,normal,48,2022-07-12 00:15:55.785,2022-07-12 00:16:00.485,train
normal_0129,normal,36,2022-07-12 00:16:03.804,2022-07-12 00:16:07.304,train
normal_0130,normal,20,2022-07-12 00:16:11.955,2022-07-12 00:16:13.855,train
normal_0131,normal,7,2022-07-12 00:16:19.994,2022-07-12 00:16:20.594,train
normal_0132,normal,50,2022-07-12 00:16:29.364,2022-07-12 00:16:34.264,train
normal_0133,normal,49,2022-07-12 00:16:36.267,2022-07-12 00:16:41.067,train
normal_0134,normal,35,2022-07-12 00:16:44.325,2022-07-12 00:16:47.725,train
normal_0135,normal,22,2022-07-12 00:16:52.351,2022-07-12 00:16:54.451,train
normal_0136,normal,9,2022-07-12 00:17:00.325,2022-07-12 00:17:01.125,train
normal_0137,normal,50,2022-07-12 00:17:09.540,2022-07-12 00:17:14.440,train
normal_0138,normal,48,2022-07-12 00:17:16.447,2022-07-12 00:17:21.147,train
normal_0139,normal,48,2022-07-12 00:17:24.527,2022-07-12 00:17:29.227,train
normal_0140,normal,35,2022-07-12 00:17:32.480,2022-07-12 00:17:35.880,train
normal_0141,normal,23,2022-07-12 00:17:40.504,2022-07-12 00:17:42.704,train
normal_0142,normal,13,2022-07-12 00:17:48.487,2022-07-12 00:17:49.687,train
normal_0143,normal,2,2022-07-12 00:17:56.513,2022-07-12 00:17:56.613,train
normal_0144,normal,1,2022-07-12 00:18:04.588,2022-07-12 00:18:04.588,train
normal_0145,normal,50,2022-07-12 00:18:06.304,2022-07-12 00:18:11.204,train
normal_0146,normal,50,2022-07-12 00:18:13.063,2022-07-12 00:18:17.963,train
normal_0147,normal,40,2022-07-12 00:18:20.724,2022-07-12 00:18:24.624,train
normal_0148,normal,26,2022-07-12 00:18:28.872,2022-07-12 00:18:31.372,train
normal_0149,normal,26,2022-07-12 00:18:36.700,2022-07-12 00:18:39.200,train
normal_0150,normal,15,2022-07-12 00:18:44.570,2022-07-12 00:18:45.970,train
normal_0151,normal,3,2022-07-12 00:18:52.512,2022-07-12 00:18:52.712,train
normal_0152,normal,3,2022-07-12 00:19:00.468,2022-07-12 00:19:00.668,train
normal_0153,normal,50,2022-07-12 00:19:09.428,2022-07-12 00:19:14.328,train
normal_0154,normal,50,2022-07-12 00:19:17.374,2022-07-12 00:19:22.274,train
normal_0155,normal,47,2022-07-12 00:19:24.471,2022-07-12 00:19:29.071,train
normal_0156,normal,34,2022-07-12 00:19:32.476,2022-07-12 00:19:35.776,train
normal_0157,normal,19,2022-07-12 00:19:40.568,2022-07-12 00:19:42.368,train
normal_0158,normal,6,2022-07-12 00:19:48.638,2022-07-12 00:19:49.138,train
normal_0159,normal,50,2022-07-12 00:19:57.844,2022-07-12 00:20:02.744,train
normal_0160,normal,50,2022-07-12 00:20:04.636,2022-07-12 00:20:09.536,train
normal_0161,normal,38,2022-07-12 00:20:12.569,2022-07-12 00:20:16.269,train
normal_0162,normal,26,2022-07-12 00:20:20.537,2022-07-12 00:20:23.037,train
normal_0163,normal,13,2022-07-12 00:20:28.517,2022-07-12 00:20:29.717,train
normal_0164,normal,2,2022-07-12 00:20:36.404,2022-07-12 00:20:36.504,train
normal_0165,normal,50,2022-07-12 00:20:45.131,2022-07-12 00:20:50.031,train
normal_0166,normal,43,2022-07-12 00:20:52.436,2022-07-12 00:20:56.636,train
normal_0167,normal,32,2022-07-12 00:21:00.416,2022-07-12 00:21:03.516,train
normal_0168,normal,19,2022-07-12 00:21:08.408,2022-07-12 00:21:10.208,train
normal_0169,normal,7,2022-07-12 00:21:16.362,2022-07-12 00:21:16.962,train
normal_0170,normal,50,2022-07-12 00:21:25.804,2022-07-12 00:21:30.704,train
normal_0171,normal,42,2022-07-12 00:21:33.358,2022-07-12 00:21:37.458,train
normal_0172,normal,27,2022-07-12 00:21:41.500,2022-07-12 00:21:44.100,train
normal_0173,normal,26,2022-07-12 00:21:49.428,2022-07-12 00:21:51.928,train
normal_0174,normal,14,2022-07-12 00:21:57.262,2022-07-12 00:21:58.562,train
normal_0175,normal,3,2022-07-12 00:22:05.224,2022-07-12 00:22:05.424,train
normal_0176,normal,50,2022-07-12 00:22:07.078,2022-07-12 00:22:11.978,train
normal_0177,normal,50,2022-07-12 00:22:13.849,2022-07-12 00:22:18.749,train
normal_0178,normal,46,2022-07-12 00:22:21.169,2022-07-12 00:22:25.669,train
normal_0179,normal,32,2022-07-12 00:22:29.076,2022-07-12 00:22:32.176,train
normal_0180,normal,20,2022-07-12 00:22:37.072,2022-07-12 00:22:38.972,train
normal_0181,normal,7,2022-07-12 00:22:45.020,2022-07-12 00:22:45.620,train
normal_0182,normal,50,2022-07-12 00:22:53.936,2022-07-12 00:22:58.836,train
normal_0183,normal,47,2022-07-12 00:23:01.103,2022-07-12 00:23:05.703,train
normal_0184,normal,32,2022-07-12 00:23:09.220,2022-07-12 00:23:12.320,train
normal_0185,normal,33,2022-07-12 00:23:17.204,2022-07-12 00:23:20.404,train
normal_0186,normal,22,2022-07-12 00:23:25.144,2022-07-12 00:23:27.244,train
normal_0187,normal,9,2022-07-12 00:23:33.047,2022-07-12 00:23:33.847,train
normal_0188,normal,50,2022-07-12 00:23:42.270,2022-07-12 00:23:47.170,train
normal_0189,normal,50,2022-07-12 00:23:48.975,2022-07-12 00:23:53.875,train
normal_0190,normal,36,2022-07-12 00:23:56.987,2022-07-12 00:24:00.487,train
normal_0191,normal,26,2022-07-12 00:24:04.940,2022-07-12 00:24:07.440,train
normal_0192,normal,12,2022-07-12 00:24:12.920,2022-07-12 00:24:14.020,train
normal_0193,normal,50,2022-07-12 00:24:22.654,2022-07-12 00:24:27.554,train
normal_0194,normal,50,2022-07-12 00:24:29.596,2022-07-12 00:24:34.496,train
normal_0195,normal,42,2022-07-12 00:24:37.006,2022-07-12 00:24:41.106,train
normal_0196,normal,29,2022-07-12 00:24:45.075,2022-07-12 00:24:47.875,train
normal_0197,normal,18,2022-07-12 00:24:53.136,2022-07-12 00:24:54.836,train
normal_0198,normal,6,2022-07-12 00:25:01.153,2022-07-12 00:25:01.653,train
normal_0199,normal,50,2022-07-12 00:25:10.148,2022-07-12 00:25:15.048,train
normal_0200,normal,49,2022-07-12 00:25:17.084,2022-07-12 00:25:21.884,train
normal_0201,normal,33,2022-07-12 00:25:25.093,2022-07-12 00:25:28.293,train
normal_0202,normal,22,2022-07-12 00:25:33.044,2022-07-12 00:25:35.144,train
normal_0203,normal,8,2022-07-12 00:25:41.044,2022-07-12 00:25:41.744,train
normal_0204,normal,50,2022-07-12 00:25:50.128,2022-07-12 00:25:55.028,train
normal_0205,normal,48,2022-07-12 00:25:57.187,2022-07-12 00:26:01.887,train
normal_0206,normal,33,2022-07-12 00:26:05.260,2022-07-12 00:26:08.460,train
normal_0207,normal,22,2022-07-12 00:26:13.208,2022-07-12 00:26:15.308,train
normal_0208,normal,12,2022-07-12 00:26:21.091,2022-07-12 00:26:22.191,train
normal_0209,normal,11,2022-07-12 00:26:29.067,2022-07-12 00:26:30.067,train
normal_0210,normal,50,2022-07-12 00:26:31.913,2022-07-12 00:26:36.813,train
normal_0211,normal,50,2022-07-12 00:26:38.648,2022-07-12 00:26:43.548,train
normal_0212,normal,50,2022-07-12 00:26:45.464,2022-07-12 00:26:50.364,train
normal_0213,normal,38,2022-07-12 00:26:53.334,2022-07-12 00:26:57.034,train
normal_0214,normal,23,2022-07-12 00:27:01.423,2022-07-12 00:27:03.623,train
normal_0215,normal,12,2022-07-12 00:27:09.388,2022-07-12 00:27:10.488,train
normal_0216,normal,10,2022-07-12 00:27:17.417,2022-07-12 00:27:18.317,train
normal_0217,normal,50,2022-07-12 00:27:27.011,2022-07-12 00:27:31.911,train
normal_0218,normal,50,2022-07-12 00:27:33.464,2022-07-12 00:27:38.364,train
normal_0219,normal,38,2022-07-12 00:27:41.443,2022-07-12 00:27:45.143,train
normal_0220,normal,24,2022-07-12 00:27:49.507,2022-07-12 00:27:51.807,train
normal_0221,normal,14,2022-07-12 00:27:57.407,2022-07-12 00:27:58.707,train
normal_0222,normal,50,2022-07-12 00:28:07.313,2022-07-12 00:28:12.213,train
normal_0223,normal,50,2022-07-12 00:28:14.008,2022-07-12 00:28:18.908,train
normal_0224,normal,40,2022-07-12 00:28:21.540,2022-07-12 00:28:25.440,train
normal_0225,normal,29,2022-07-12 00:28:29.532,2022-07-12 00:28:32.332,train
normal_0226,normal,15,2022-07-12 00:28:37.546,2022-07-12 00:28:38.946,train
normal_0227,normal,2,2022-07-12 00:28:45.484,2022-07-12 00:28:45.584,train
normal_0228,normal,50,2022-07-12 00:28:54.024,2022-07-12 00:28:58.924,train
normal_0229,normal,50,2022-07-12 00:29:02.224,2022-07-12 00:29:07.124,train
normal_0230,normal,43,2022-07-12 00:29:09.592,2022-07-12 00:29:13.792,train
normal_0231,normal,32,2022-07-12 00:29:17.574,2022-07-12 00:29:20.674,train
normal_0232,normal,16,2022-07-12 00:29:25.707,2022-07-12 00:29:27.207,train
normal_0233,normal,4,2022-07-12 00:29:33.664,2022-07-12 00:29:33.964,train
normal_0234,normal,50,2022-07-12 00:29:35.745,2022-07-12 00:29:40.645,train
normal_0235,normal,50,2022-07-12 00:29:42.284,2022-07-12 00:29:47.184,train
normal_0236,normal,41,2022-07-12 00:29:50.008,2022-07-12 00:29:54.008,train
normal_0237,normal,26,2022-07-12 00:29:58.044,2022-07-12 00:30:00.544,train
normal_0238,normal,15,2022-07-12 00:30:05.936,2022-07-12 00:30:07.336,train
normal_0239,normal,3,2022-07-12 00:30:14.004,2022-07-12 00:30:14.204,train
normal_0240,normal,50,2022-07-12 00:30:15.875,2022-07-12 00:30:20.775,train
normal_0241,normal,50,2022-07-12 00:30:22.688,2022-07-12 00:30:27.588,train
normal_0242,normal,43,2022-07-12 00:30:29.999,2022-07-12 00:30:34.199,train
normal_0243,normal,29,2022-07-12 00:30:38.043,2022-07-12 00:30:40.843,train
normal_0244,normal,16,2022-07-12 00:30:46.032,2022-07-12 00:30:47.532,train
normal_0245,normal,6,2022-07-12 00:30:53.910,2022-07-12 00:30:54.410,train
normal_0246,normal,50,2022-07-12 00:31:02.945,2022-07-12 00:31:07.845,train
normal_0247,normal,50,2022-07-12 00:31:10.998,2022-07-12 00:31:15.898,train
normal_0248,normal,50,2022-07-12 00:31:17.932,2022-07-12 00:31:22.832,train
normal_0249,normal,35,2022-07-12 00:31:25.907,2022-07-12 00:31:29.307,train
normal_0250,normal,23,2022-07-12 00:31:33.901,2022-07-12 00:31:36.101,train
normal_0251,normal,9,2022-07-12 00:31:41.922,2022-07-12 00:31:42.722,train
normal_0252,normal,50,2022-07-12 00:31:51.200,2022-07-12 00:31:56.100,train
normal_0253,normal,50,2022-07-12 00:31:58.020,2022-07-12 00:32:02.920,train
normal_0254,normal,38,2022-07-12 00:32:05.948,2022-07-12 00:32:09.648,train
normal_0255,normal,27,2022-07-12 00:32:13.976,2022-07-12 00:32:16.576,train
normal_0256,normal,13,2022-07-12 00:32:21.964,2022-07-12 00:32:23.164,train
normal_0257,normal,6,2022-07-12 00:32:29.766,2022-07-12 00:32:30.266,train
normal_0258,normal,50,2022-07-12 00:32:38.608,2022-07-12 00:32:43.508,train
normal_0259,normal,45,2022-07-12 00:32:45.771,2022-07-12 00:32:50.171,train
normal_0260,normal,32,2022-07-12 00:32:53.644,2022-07-12 00:32:56.744,train
normal_0261,normal,19,2022-07-12 00:33:01.594,2022-07-12 00:33:03.394,train
normal_0262,normal,21,2022-07-12 00:33:09.576,2022-07-12 00:33:11.576,train
normal_0263,normal,8,2022-07-12 00:33:17.456,2022-07-12 00:33:18.156,train
normal_0264,normal,9,2022-07-12 00:33:25.451,2022-07-12 00:33:26.251,train
normal_0265,normal,50,2022-07-12 00:33:34.840,2022-07-12 00:33:39.740,train
normal_0266,normal,50,2022-07-12 00:33:41.534,2022-07-12 00:33:46.434,train
normal_0267,normal,39,2022-07-12 00:33:49.428,2022-07-12 00:33:53.228,train
normal_0268,normal,26,2022-07-12 00:33:57.398,2022-07-12 00:33:59.898,train
normal_0269,normal,15,2022-07-12 00:34:05.379,2022-07-12 00:34:06.779,train
normal_0270,normal,4,2022-07-12 00:34:13.260,2022-07-12 00:34:13.560,train
normal_0271,normal,50,2022-07-12 00:34:15.359,2022-07-12 00:34:20.259,train
normal_0272,normal,50,2022-07-12 00:34:21.987,2022-07-12 00:34:26.887,train
normal_0273,normal,43,2022-07-12 00:34:29.244,2022-07-12 00:34:33.444,train
normal_0274,normal,45,2022-07-12 00:34:37.168,2022-07-12 00:34:41.568,train
normal_0275,normal,50,2022-07-12 00:34:45.928,2022-07-12 00:34:50.828,train
normal_0276,normal,47,2022-07-12 00:34:53.056,2022-07-12 00:34:57.656,train
normal_0277,normal,32,2022-07-12 00:35:01.171,2022-07-12 00:35:04.271,train
normal_0278,normal,21,2022-07-12 00:35:09.147,2022-07-12 00:35:11.147,train
normal_0279,normal,8,2022-07-12 00:35:17.136,2022-07-12 00:35:17.836,train
normal_0280,normal,8,2022-07-12 00:35:25.092,2022-07-12 00:35:25.792,train
normal_0281,normal,50,2022-07-12 00:35:34.214,2022-07-12 00:35:39.114,train
normal_0282,normal,48,2022-07-12 00:35:41.235,2022-07-12 00:35:45.935,train
normal_0283,normal,33,2022-07-12 00:35:49.315,2022-07-12 00:35:52.515,train
normal_0284,normal,22,2022-07-12 00:35:57.296,2022-07-12 00:35:59.396,train
normal_0285,normal,10,2022-07-12 00:36:05.268,2022-07-12 00:36:06.168,train
normal_0286,normal,50,2022-07-12 00:36:07.998,2022-07-12 00:36:12.898,train
normal_0287,normal,50,2022-07-12 00:36:14.644,2022-07-12 00:36:19.544,train
normal_0288,normal,50,2022-07-12 00:36:21.560,2022-07-12 00:36:26.460,train
normal_0289,normal,36,2022-07-12 00:36:29.468,2022-07-12 00:36:32.968,train
normal_0290,normal,24,2022-07-12 00:36:37.428,2022-07-12 00:36:39.728,train
normal_0291,normal,13,2022-07-12 00:36:45.408,2022-07-12 00:36:46.608,train
normal_0292,normal,1,2022-07-12 00:36:53.119,2022-07-12 00:36:53.119,train
normal_0293,normal,50,2022-07-12 00:36:55.156,2022-07-12 00:37:00.056,train
normal_0294,normal,50,2022-07-12 00:37:02.032,2022-07-12 00:37:06.932,train
normal_0295,normal,42,2022-07-12 00:37:09.360,2022-07-12 00:37:13.460,train
normal_0296,normal,29,2022-07-12 00:37:17.426,2022-07-12 00:37:20.226,train
normal_0297,normal,20,2022-07-12 00:37:25.356,2022-07-12 00:37:27.256,train
normal_0298,normal,8,2022-07-12 00:37:33.270,2022-07-12 00:37:33.970,train
normal_0299,normal,50,2022-07-12 00:37:42.318,2022-07-12 00:37:47.218,train
normal_0300,normal,48,2022-07-12 00:37:49.246,2022-07-12 00:37:53.946,train
normal_0301,normal,36,2022-07-12 00:37:57.236,2022-07-12 00:38:00.736,train
normal_0302,normal,20,2022-07-12 00:38:05.247,2022-07-12 00:38:07.147,train
normal_0303,normal,9,2022-07-12 00:38:13.239,2022-07-12 00:38:14.039,train
normal_0304,normal,50,2022-07-12 00:38:22.496,2022-07-12 00:38:27.396,train
normal_0305,normal,50,2022-07-12 00:38:29.302,2022-07-12 00:38:34.202,train
normal_0306,normal,38,2022-07-12 00:38:37.296,2022-07-12 00:38:40.996,validation
normal_0307,normal,35,2022-07-12 00:38:45.418,2022-07-12 00:38:48.818,validation
normal_0308,normal,23,2022-07-12 00:38:53.456,2022-07-12 00:38:55.656,validation
normal_0309,normal,9,2022-07-12 00:39:01.416,2022-07-12 00:39:02.216,validation
normal_0310,normal,50,2022-07-12 00:39:10.908,2022-07-12 00:39:15.808,validation
normal_0311,normal,50,2022-07-12 00:39:17.687,2022-07-12 00:39:22.587,validation
normal_0312,normal,38,2022-07-12 00:39:25.531,2022-07-12 00:39:29.231,validation
normal_0313,normal,24,2022-07-12 00:39:33.471,2022-07-12 00:39:35.771,validation
normal_0314,normal,17,2022-07-12 00:39:41.284,2022-07-12 00:39:42.884,validation
normal_0315,normal,1,2022-07-12 00:39:49.306,2022-07-12 00:39:49.306,validation
normal_0316,normal,50,2022-07-12 00:39:51.184,2022-07-12 00:39:56.084,validation
normal_0317,normal,50,2022-07-12 00:39:57.839,2022-07-12 00:40:02.739,validation
normal_0318,normal,42,2022-07-12 00:40:05.260,2022-07-12 00:40:09.360,validation
normal_0319,normal,31,2022-07-12 00:40:13.200,2022-07-12 00:40:16.200,validation
normal_0320,normal,16,2022-07-12 00:40:21.200,2022-07-12 00:40:22.700,validation
normal_0321,normal,3,2022-07-12 00:40:29.245,2022-07-12 00:40:29.445,validation
normal_0322,normal,3,2022-07-12 00:40:37.167,2022-07-12 00:40:37.367,validation
normal_0323,normal,50,2022-07-12 00:40:39.236,2022-07-12 00:40:44.136,validation
normal_0324,normal,50,2022-07-12 00:40:45.865,2022-07-12 00:40:50.765,validation
normal_0325,normal,44,2022-07-12 00:40:53.176,2022-07-12 00:40:57.476,validation
normal_0326,normal,30,2022-07-12 00:41:01.166,2022-07-12 00:41:04.066,validation
normal_0327,normal,19,2022-07-12 00:41:09.181,2022-07-12 00:41:10.981,validation
normal_0328,normal,3,2022-07-12 00:41:17.117,2022-07-12 00:41:17.317,validation
normal_0329,normal,50,2022-07-12 00:41:19.199,2022-07-12 00:41:24.099,validation
normal_0330,normal,50,2022-07-12 00:41:25.865,2022-07-12 00:41:30.765,validation
normal_0331,normal,42,2022-07-12 00:41:33.240,2022-07-12 00:41:37.340,validation
normal_0332,normal,30,2022-07-12 00:41:41.292,2022-07-12 00:41:44.192,validation
normal_0333,normal,14,2022-07-12 00:41:49.471,2022-07-12 00:41:50.771,validation
normal_0334,normal,2,2022-07-12 00:41:57.470,2022-07-12 00:41:57.570,validation
normal_0335,normal,50,2022-07-12 00:42:06.134,2022-07-12 00:42:11.034,validation
normal_0336,normal,45,2022-07-12 00:42:13.314,2022-07-12 00:42:17.714,validation
normal_0337,normal,34,2022-07-12 00:42:21.316,2022-07-12 00:42:24.616,validation
normal_0338,normal,32,2022-07-12 00:42:29.388,2022-07-12 00:42:32.488,validation
normal_0339,normal,20,2022-07-12 00:42:37.291,2022-07-12 00:42:39.191,validation
normal_0340,normal,6,2022-07-12 00:42:45.343,2022-07-12 00:42:45.843,validation
normal_0341,normal,50,2022-07-12 00:42:47.528,2022-07-12 00:42:52.428,validation
normal_0342,normal,50,2022-07-12 00:42:54.375,2022-07-12 00:42:59.275,validation
normal_0343,normal,45,2022-07-12 00:43:01.514,2022-07-12 00:43:05.914,validation
normal_0344,normal,34,2022-07-12 00:43:09.436,2022-07-12 00:43:12.736,validation
normal_0345,normal,21,2022-07-12 00:43:17.444,2022-07-12 00:43:19.444,validation
normal_0346,normal,14,2022-07-12 00:43:25.297,2022-07-12 00:43:26.597,validation
normal_0347,normal,2,2022-07-12 00:43:33.096,2022-07-12 00:43:33.196,validation
normal_0348,normal,50,2022-07-12 00:43:35.064,2022-07-12 00:43:39.964,validation
normal_0349,normal,50,2022-07-12 00:43:41.601,2022-07-12 00:43:46.501,validation
normal_0350,normal,41,2022-07-12 00:43:49.346,2022-07-12 00:43:53.346,validation
normal_0351,normal,28,2022-07-12 00:43:57.268,2022-07-12 00:43:59.968,validation
normal_0352,normal,18,2022-07-12 00:44:05.295,2022-07-12 00:44:06.995,validation
normal_0353,normal,5,2022-07-12 00:44:13.300,2022-07-12 00:44:13.700,validation
normal_0354,normal,50,2022-07-12 00:44:15.484,2022-07-12 00:44:20.384,validation
normal_0355,normal,50,2022-07-12 00:44:22.158,2022-07-12 00:44:27.058,validation
normal_0356,normal,46,2022-07-12 00:44:29.332,2022-07-12 00:44:33.832,validation
normal_0357,normal,32,2022-07-12 00:44:37.312,2022-07-12 00:44:40.412,validation
normal_0358,normal,20,2022-07-12 00:44:45.286,2022-07-12 00:44:47.186,validation
normal_0359,normal,7,2022-07-12 00:44:53.274,2022-07-12 00:44:53.874,validation
normal_0360,normal,50,2022-07-12 00:45:02.356,2022-07-12 00:45:07.256,calibration
normal_0361,normal,50,2022-07-12 00:45:10.440,2022-07-12 00:45:15.340,calibration
normal_0362,normal,50,2022-07-12 00:45:17.244,2022-07-12 00:45:22.144,calibration
normal_0363,normal,34,2022-07-12 00:45:25.336,2022-07-12 00:45:28.636,calibration
normal_0364,normal,21,2022-07-12 00:45:33.352,2022-07-12 00:45:35.352,calibration
normal_0365,normal,9,2022-07-12 00:45:41.472,2022-07-12 00:45:42.272,calibration
normal_0366,normal,50,2022-07-12 00:45:50.892,2022-07-12 00:45:55.792,calibration
normal_0367,normal,50,2022-07-12 00:45:57.561,2022-07-12 00:46:02.461,calibration
normal_0368,normal,37,2022-07-12 00:46:05.548,2022-07-12 00:46:09.148,calibration
normal_0369,normal,27,2022-07-12 00:46:13.485,2022-07-12 00:46:16.085,calibration
normal_0370,normal,15,2022-07-12 00:46:21.424,2022-07-12 00:46:22.824,calibration
normal_0371,normal,1,2022-07-12 00:46:29.508,2022-07-12 00:46:29.508,calibration
normal_0372,normal,50,2022-07-12 00:46:31.584,2022-07-12 00:46:36.484,calibration
normal_0373,normal,50,2022-07-12 00:46:38.256,2022-07-12 00:46:43.156,calibration
normal_0374,normal,43,2022-07-12 00:46:45.658,2022-07-12 00:46:49.858,calibration
normal_0375,normal,30,2022-07-12 00:46:53.743,2022-07-12 00:46:56.643,calibration
normal_0376,normal,21,2022-07-12 00:47:01.644,2022-07-12 00:47:03.644,calibration
normal_0377,normal,6,2022-07-12 00:47:09.558,2022-07-12 00:47:10.058,calibration
normal_0378,normal,50,2022-07-12 00:47:11.896,2022-07-12 00:47:16.796,calibration
normal_0379,normal,50,2022-07-12 00:47:18.491,2022-07-12 00:47:23.391,calibration
normal_0380,normal,43,2022-07-12 00:47:25.788,2022-07-12 00:47:29.988,calibration
normal_0381,normal,29,2022-07-12 00:47:33.787,2022-07-12 00:47:36.587,calibration
normal_0382,normal,13,2022-07-12 00:47:41.964,2022-07-12 00:47:43.164,calibration
normal_0383,normal,1,2022-07-12 00:47:49.980,2022-07-12 00:47:49.980,calibration
normal_0384,normal,50,2022-07-12 00:47:59.731,2022-07-12 00:48:04.631,calibration
normal_0385,normal,50,2022-07-12 00:48:06.559,2022-07-12 00:48:11.459,calibration
normal_0386,normal,40,2022-07-12 00:48:14.176,2022-07-12 00:48:18.076,calibration
normal_0387,normal,28,2022-07-12 00:48:22.150,2022-07-12 00:48:24.850,calibration
normal_0388,normal,17,2022-07-12 00:48:30.056,2022-07-12 00:48:31.656,calibration
normal_0389,normal,4,2022-07-12 00:48:38.047,2022-07-12 00:48:38.347,calibration
normal_0390,normal,50,2022-07-12 00:48:40.145,2022-07-12 00:48:45.045,calibration
normal_0391,normal,50,2022-07-12 00:48:46.796,2022-07-12 00:48:51.696,calibration
normal_0392,normal,39,2022-07-12 00:48:54.584,2022-07-12 00:48:58.384,calibration
normal_0393,normal,25,2022-07-12 00:49:02.714,2022-07-12 00:49:05.114,calibration
normal_0394,normal,14,2022-07-12 00:49:10.737,2022-07-12 00:49:12.037,calibration
normal_0395,normal,1,2022-07-12 00:49:18.634,2022-07-12 00:49:18.634,calibration
normal_0396,normal,50,2022-07-12 00:49:27.367,2022-07-12 00:49:32.267,calibration
normal_0397,normal,44,2022-07-12 00:49:34.708,2022-07-12 00:49:39.008,calibration
normal_0398,normal,32,2022-07-12 00:49:42.699,2022-07-12 00:49:45.799,calibration
normal_0399,normal,22,2022-07-12 00:49:50.587,2022-07-12 00:49:52.687,calibration
normal_0400,normal,7,2022-07-12 00:49:58.730,2022-07-12 00:49:59.330,calibration
normal_0401,normal,50,2022-07-12 00:50:15.827,2022-07-12 00:50:20.727,calibration
normal_0402,normal,46,2022-07-12 00:50:22.836,2022-07-12 00:50:27.336,calibration
normal_0403,normal,34,2022-07-12 00:50:30.952,2022-07-12 00:50:34.252,calibration
normal_0404,normal,21,2022-07-12 00:50:38.906,2022-07-12 00:50:40.906,calibration
normal_0405,normal,12,2022-07-12 00:50:46.896,2022-07-12 00:50:47.996,calibration
normal_0406,normal,50,2022-07-12 00:50:56.424,2022-07-12 00:51:01.324,calibration
normal_0407,normal,50,2022-07-12 00:51:03.048,2022-07-12 00:51:07.948,calibration
normal_0408,normal,38,2022-07-12 00:51:10.863,2022-07-12 00:51:14.563,calibration
normal_0409,normal,25,2022-07-12 00:51:18.948,2022-07-12 00:51:21.348,calibration
normal_0410,normal,13,2022-07-12 00:51:26.816,2022-07-12 00:51:28.016,calibration
normal_0411,normal,50,2022-07-12 00:51:36.856,2022-07-12 00:51:41.756,calibration
normal_0412,normal,50,2022-07-12 00:51:43.448,2022-07-12 00:51:48.348,calibration
normal_0413,normal,40,2022-07-12 00:51:51.236,2022-07-12 00:51:55.136,calibration
normal_0414,normal,28,2022-07-12 00:51:59.201,2022-07-12 00:52:01.901,calibration
normal_0415,normal,15,2022-07-12 00:52:07.111,2022-07-12 00:52:08.511,calibration
normal_0416,normal,14,2022-07-12 00:52:15.119,2022-07-12 00:52:16.419,calibration
normal_0417,normal,1,2022-07-12 00:52:23.255,2022-07-12 00:52:23.255,calibration
normal_0418,normal,50,2022-07-12 00:52:32.972,2022-07-12 00:52:37.872,calibration
normal_0419,normal,50,2022-07-12 00:52:39.609,2022-07-12 00:52:44.509,calibration
normal_0420,normal,38,2022-07-12 00:52:47.696,2022-07-12 00:52:51.396,calibration
normal_0421,normal,23,2022-07-12 00:52:55.616,2022-07-12 00:52:57.816,calibration
normal_0422,normal,10,2022-07-12 00:53:03.651,2022-07-12 00:53:04.551,calibration
normal_0423,normal,50,2022-07-12 00:53:13.056,2022-07-12 00:53:17.956,calibration
normal_0424,normal,49,2022-07-12 00:53:19.759,2022-07-12 00:53:24.559,calibration
normal_0425,normal,36,2022-07-12 00:53:27.876,2022-07-12 00:53:31.376,calibration
normal_0426,normal,24,2022-07-12 00:53:35.908,2022-07-12 00:53:38.208,calibration
normal_0427,normal,11,2022-07-12 00:53:43.747,2022-07-12 00:53:44.747,calibration
normal_0428,normal,50,2022-07-12 00:53:53.254,2022-07-12 00:53:58.154,calibration
normal_0429,normal,50,2022-07-12 00:54:00.003,2022-07-12 00:54:04.903,calibration
normal_0430,normal,39,2022-07-12 00:54:07.775,2022-07-12 00:54:11.575,calibration
normal_0431,normal,28,2022-07-12 00:54:15.782,2022-07-12 00:54:18.482,calibration
normal_0432,normal,25,2022-07-12 00:54:23.963,2022-07-12 00:54:26.363,calibration
normal_0433,normal,11,2022-07-12 00:54:32.064,2022-07-12 00:54:33.064,calibration
normal_0434,normal,50,2022-07-12 00:54:41.336,2022-07-12 00:54:46.236,calibration
normal_0435,normal,49,2022-07-12 00:54:48.044,2022-07-12 00:54:52.844,calibration
normal_0436,normal,35,2022-07-12 00:54:56.093,2022-07-12 00:54:59.493,calibration
normal_0437,normal,22,2022-07-12 00:55:04.088,2022-07-12 00:55:06.188,calibration
normal_0438,normal,10,2022-07-12 00:55:11.936,2022-07-12 00:55:12.836,calibration
normal_0439,normal,50,2022-07-12 00:55:21.168,2022-07-12 00:55:26.068,calibration
normal_0440,normal,49,2022-07-12 00:55:28.258,2022-07-12 00:55:33.058,calibration
normal_0441,normal,34,2022-07-12 00:55:36.468,2022-07-12 00:55:39.768,calibration
normal_0442,normal,17,2022-07-12 00:55:44.751,2022-07-12 00:55:46.351,calibration
normal_0443,normal,4,2022-07-12 00:55:52.785,2022-07-12 00:55:53.085,calibration
normal_0444,normal,50,2022-07-12 00:56:02.752,2022-07-12 00:56:07.652,calibration
normal_0445,normal,50,2022-07-12 00:56:09.664,2022-07-12 00:56:14.564,calibration
normal_0446,normal,44,2022-07-12 00:56:16.827,2022-07-12 00:56:21.127,calibration
normal_0447,normal,31,2022-07-12 00:56:24.832,2022-07-12 00:56:27.832,calibration
normal_0448,normal,21,2022-07-12 00:56:32.839,2022-07-12 00:56:34.839,calibration
normal_0449,normal,7,2022-07-12 00:56:40.816,2022-07-12 00:56:41.416,calibration
normal_0450,normal,50,2022-07-12 00:56:49.884,2022-07-12 00:56:54.784,calibration
normal_0451,normal,48,2022-07-12 00:56:56.793,2022-07-12 00:57:01.493,calibration
normal_0452,normal,37,2022-07-12 00:57:04.747,2022-07-12 00:57:08.347,calibration
normal_0453,normal,24,2022-07-12 00:57:12.712,2022-07-12 00:57:15.012,calibration
normal_0454,normal,11,2022-07-12 00:57:20.685,2022-07-12 00:57:21.685,calibration
normal_0455,normal,50,2022-07-12 00:57:30.180,2022-07-12 00:57:35.080,calibration
normal_0456,normal,50,2022-07-12 00:57:36.947,2022-07-12 00:57:41.847,calibration
normal_0457,normal,39,2022-07-12 00:57:44.792,2022-07-12 00:57:48.592,calibration
normal_0458,normal,27,2022-07-12 00:57:52.787,2022-07-12 00:57:55.387,calibration
normal_0459,normal,18,2022-07-12 00:58:00.779,2022-07-12 00:58:02.479,calibration
normal_0460,normal,5,2022-07-12 00:58:08.660,2022-07-12 00:58:09.060,calibration
normal_0461,normal,50,2022-07-12 00:58:17.587,2022-07-12 00:58:22.487,calibration
normal_0462,normal,48,2022-07-12 00:58:24.593,2022-07-12 00:58:29.293,calibration
normal_0463,normal,34,2022-07-12 00:58:32.643,2022-07-12 00:58:35.943,calibration
normal_0464,normal,34,2022-07-12 00:58:40.588,2022-07-12 00:58:43.888,calibration
normal_0465,normal,20,2022-07-12 00:58:48.559,2022-07-12 00:58:50.459,calibration
normal_0466,normal,8,2022-07-12 00:58:56.518,2022-07-12 00:58:57.218,calibration
normal_0467,normal,50,2022-07-12 00:59:05.768,2022-07-12 00:59:10.668,calibration
normal_0468,normal,49,2022-07-12 00:59:12.485,2022-07-12 00:59:17.285,calibration
normal_0469,normal,36,2022-07-12 00:59:20.419,2022-07-12 00:59:23.919,calibration
normal_0470,normal,37,2022-07-12 00:59:28.347,2022-07-12 00:59:31.947,calibration
normal_0471,normal,24,2022-07-12 00:59:36.371,2022-07-12 00:59:38.671,calibration
normal_0472,normal,11,2022-07-12 00:59:44.319,2022-07-12 00:59:45.319,calibration
normal_0473,normal,50,2022-07-12 00:59:53.992,2022-07-12 00:59:58.892,calibration
normal_0474,normal,50,2022-07-12 01:00:00.660,2022-07-12 01:00:05.560,calibration
normal_0475,normal,39,2022-07-12 01:00:08.365,2022-07-12 01:00:12.165,calibration
normal_0476,normal,27,2022-07-12 01:00:16.392,2022-07-12 01:00:18.992,calibration
normal_0477,normal,14,2022-07-12 01:00:24.417,2022-07-12 01:00:25.717,calibration
normal_0478,normal,50,2022-07-12 01:00:34.124,2022-07-12 01:00:39.024,calibration
normal_0479,normal,50,2022-07-12 01:00:40.804,2022-07-12 01:00:45.704,calibration
normal_0480,normal,50,2022-07-12 01:00:50.060,2022-07-12 01:00:54.960,normal_test
normal_0481,normal,50,2022-07-12 01:00:56.832,2022-07-12 01:01:01.732,normal_test
normal_0482,normal,41,2022-07-12 01:01:04.524,2022-07-12 01:01:08.524,normal_test
normal_0483,normal,50,2022-07-12 01:01:13.118,2022-07-12 01:01:18.018,normal_test
normal_0484,normal,44,2022-07-12 01:01:20.296,2022-07-12 01:01:24.596,normal_test
normal_0485,normal,44,2022-07-12 01:01:28.171,2022-07-12 01:01:32.471,normal_test
normal_0486,normal,44,2022-07-12 01:01:36.160,2022-07-12 01:01:40.460,normal_test
normal_0487,normal,43,2022-07-12 01:01:44.306,2022-07-12 01:01:48.506,normal_test
normal_0488,normal,35,2022-07-12 01:01:52.260,2022-07-12 01:01:55.660,normal_test
normal_0489,normal,23,2022-07-12 01:02:00.218,2022-07-12 01:02:02.418,normal_test
normal_0490,normal,21,2022-07-12 01:02:08.325,2022-07-12 01:02:10.325,normal_test
normal_0491,normal,8,2022-07-12 01:02:16.224,2022-07-12 01:02:16.924,normal_test
normal_0492,normal,50,2022-07-12 01:02:33.380,2022-07-12 01:02:38.280,normal_test
normal_0493,normal,50,2022-07-12 01:02:40.198,2022-07-12 01:02:45.098,normal_test
normal_0494,normal,39,2022-07-12 01:02:48.171,2022-07-12 01:02:51.971,normal_test
normal_0495,normal,27,2022-07-12 01:02:56.132,2022-07-12 01:02:58.732,normal_test
normal_0496,normal,15,2022-07-12 01:03:04.194,2022-07-12 01:03:05.594,normal_test
normal_0497,normal,13,2022-07-12 01:03:12.228,2022-07-12 01:03:13.428,normal_test
normal_0498,normal,50,2022-07-12 01:03:22.041,2022-07-12 01:03:26.941,normal_test
normal_0499,normal,50,2022-07-12 01:03:29.848,2022-07-12 01:03:34.748,normal_test
normal_0500,normal,50,2022-07-12 01:03:36.502,2022-07-12 01:03:41.402,normal_test
normal_0501,normal,37,2022-07-12 01:03:44.460,2022-07-12 01:03:48.060,normal_test
normal_0502,normal,24,2022-07-12 01:03:52.400,2022-07-12 01:03:54.700,normal_test
normal_0503,normal,11,2022-07-12 01:04:00.354,2022-07-12 01:04:01.354,normal_test
normal_0504,normal,13,2022-07-12 01:04:08.260,2022-07-12 01:04:09.460,normal_test
normal_0505,normal,50,2022-07-12 01:04:17.855,2022-07-12 01:04:22.755,normal_test
normal_0506,normal,50,2022-07-12 01:04:24.809,2022-07-12 01:04:29.709,normal_test
normal_0507,normal,38,2022-07-12 01:04:32.499,2022-07-12 01:04:36.199,normal_test
normal_0508,normal,27,2022-07-12 01:04:40.439,2022-07-12 01:04:43.039,normal_test
normal_0509,normal,13,2022-07-12 01:04:48.514,2022-07-12 01:04:49.714,normal_test
normal_0510,normal,50,2022-07-12 01:04:58.256,2022-07-12 01:05:03.156,normal_test
normal_0511,normal,50,2022-07-12 01:05:04.844,2022-07-12 01:05:09.744,normal_test
normal_0512,normal,38,2022-07-12 01:05:12.740,2022-07-12 01:05:16.440,normal_test
normal_0513,normal,26,2022-07-12 01:05:20.820,2022-07-12 01:05:23.320,normal_test
normal_0514,normal,13,2022-07-12 01:05:28.740,2022-07-12 01:05:29.940,normal_test
normal_0515,normal,50,2022-07-12 01:05:45.204,2022-07-12 01:05:50.104,normal_test
normal_0516,normal,50,2022-07-12 01:05:53.230,2022-07-12 01:05:58.130,normal_test
normal_0517,normal,40,2022-07-12 01:06:01.096,2022-07-12 01:06:04.996,normal_test
normal_0518,normal,25,2022-07-12 01:06:09.221,2022-07-12 01:06:11.621,normal_test
normal_0519,normal,13,2022-07-12 01:06:17.179,2022-07-12 01:06:18.379,normal_test
normal_0520,normal,50,2022-07-12 01:06:26.758,2022-07-12 01:06:31.658,normal_test
normal_0521,normal,50,2022-07-12 01:06:33.408,2022-07-12 01:06:38.308,normal_test
normal_0522,normal,39,2022-07-12 01:06:41.133,2022-07-12 01:06:44.933,normal_test
normal_0523,normal,25,2022-07-12 01:06:49.173,2022-07-12 01:06:51.573,normal_test
normal_0524,normal,11,2022-07-12 01:06:57.151,2022-07-12 01:06:58.151,normal_test
normal_0525,normal,50,2022-07-12 01:07:07.819,2022-07-12 01:07:12.719,normal_test
normal_0526,normal,50,2022-07-12 01:07:14.504,2022-07-12 01:07:19.404,normal_test
normal_0527,normal,49,2022-07-12 01:07:21.267,2022-07-12 01:07:26.067,normal_test
normal_0528,normal,36,2022-07-12 01:07:29.260,2022-07-12 01:07:32.760,normal_test
normal_0529,normal,25,2022-07-12 01:07:37.255,2022-07-12 01:07:39.655,normal_test
normal_0530,normal,11,2022-07-12 01:07:45.179,2022-07-12 01:07:46.179,normal_test
normal_0531,normal,1,2022-07-12 01:07:53.071,2022-07-12 01:07:53.071,normal_test
normal_0532,normal,50,2022-07-12 01:07:54.616,2022-07-12 01:07:59.516,normal_test
normal_0533,normal,50,2022-07-12 01:08:01.324,2022-07-12 01:08:06.224,normal_test
normal_0534,normal,38,2022-07-12 01:08:09.198,2022-07-12 01:08:12.898,normal_test
normal_0535,normal,25,2022-07-12 01:08:17.218,2022-07-12 01:08:19.618,normal_test
normal_0536,normal,10,2022-07-12 01:08:25.251,2022-07-12 01:08:26.151,normal_test
normal_0537,normal,50,2022-07-12 01:08:34.704,2022-07-12 01:08:39.604,normal_test
normal_0538,normal,50,2022-07-12 01:08:41.601,2022-07-12 01:08:46.501,normal_test
normal_0539,normal,35,2022-07-12 01:08:49.676,2022-07-12 01:08:53.076,normal_test
normal_0540,normal,23,2022-07-12 01:08:57.709,2022-07-12 01:08:59.909,normal_test
normal_0541,normal,10,2022-07-12 01:09:05.688,2022-07-12 01:09:06.588,normal_test
normal_0542,normal,8,2022-07-12 01:09:13.905,2022-07-12 01:09:14.605,normal_test
normal_0543,normal,50,2022-07-12 01:09:23.128,2022-07-12 01:09:28.028,normal_test
normal_0544,normal,50,2022-07-12 01:09:29.681,2022-07-12 01:09:34.581,normal_test
normal_0545,normal,36,2022-07-12 01:09:37.774,2022-07-12 01:09:41.274,normal_test
normal_0546,normal,22,2022-07-12 01:09:45.835,2022-07-12 01:09:47.935,normal_test
normal_0547,normal,7,2022-07-12 01:09:53.876,2022-07-12 01:09:54.476,normal_test
normal_0548,normal,8,2022-07-12 01:10:01.958,2022-07-12 01:10:02.658,normal_test
normal_0549,normal,50,2022-07-12 01:10:11.168,2022-07-12 01:10:16.068,normal_test
normal_0550,normal,49,2022-07-12 01:10:18.055,2022-07-12 01:10:22.855,normal_test
normal_0551,normal,46,2022-07-12 01:10:26.247,2022-07-12 01:10:30.747,normal_test
normal_0552,normal,45,2022-07-12 01:10:34.272,2022-07-12 01:10:38.672,normal_test
normal_0553,normal,31,2022-07-12 01:10:42.242,2022-07-12 01:10:45.242,normal_test
normal_0554,normal,17,2022-07-12 01:10:50.426,2022-07-12 01:10:52.026,normal_test
normal_0555,normal,3,2022-07-12 01:10:58.467,2022-07-12 01:10:58.667,normal_test
normal_0556,normal,50,2022-07-12 01:11:00.537,2022-07-12 01:11:05.437,normal_test
normal_0557,normal,50,2022-07-12 01:11:07.348,2022-07-12 01:11:12.248,normal_test
normal_0558,normal,45,2022-07-12 01:11:14.704,2022-07-12 01:11:19.104,normal_test
normal_0559,normal,30,2022-07-12 01:11:22.827,2022-07-12 01:11:25.727,normal_test
normal_0560,normal,19,2022-07-12 01:11:30.788,2022-07-12 01:11:32.588,normal_test
normal_0561,normal,5,2022-07-12 01:11:38.853,2022-07-12 01:11:39.253,normal_test
normal_0562,normal,50,2022-07-12 01:11:47.790,2022-07-12 01:11:52.690,normal_test
normal_0563,normal,50,2022-07-12 01:11:55.696,2022-07-12 01:12:00.596,normal_test
normal_0564,normal,44,2022-07-12 01:12:03.184,2022-07-12 01:12:07.484,normal_test
normal_0565,normal,30,2022-07-12 01:12:11.247,2022-07-12 01:12:14.147,normal_test
normal_0566,normal,18,2022-07-12 01:12:19.195,2022-07-12 01:12:20.895,normal_test
normal_0567,normal,4,2022-07-12 01:12:27.208,2022-07-12 01:12:27.508,normal_test
normal_0568,normal,50,2022-07-12 01:12:29.385,2022-07-12 01:12:34.285,normal_test
normal_0569,normal,50,2022-07-12 01:12:36.055,2022-07-12 01:12:40.955,normal_test
normal_0570,normal,44,2022-07-12 01:12:43.312,2022-07-12 01:12:47.612,normal_test
normal_0571,normal,42,2022-07-12 01:12:51.468,2022-07-12 01:12:55.568,normal_test
normal_0572,normal,30,2022-07-12 01:12:59.519,2022-07-12 01:13:02.419,normal_test
normal_0573,normal,20,2022-07-12 01:13:07.457,2022-07-12 01:13:09.357,normal_test
normal_0574,normal,8,2022-07-12 01:13:15.417,2022-07-12 01:13:16.117,normal_test
normal_0575,normal,50,2022-07-12 01:13:24.740,2022-07-12 01:13:29.640,normal_test
normal_0576,normal,50,2022-07-12 01:13:32.840,2022-07-12 01:13:37.740,normal_test
normal_0577,normal,49,2022-07-12 01:13:39.456,2022-07-12 01:13:44.256,normal_test
normal_0578,normal,35,2022-07-12 01:13:47.379,2022-07-12 01:13:50.779,normal_test
normal_0579,normal,35,2022-07-12 01:13:55.330,2022-07-12 01:13:58.730,normal_test
normal_0580,normal,24,2022-07-12 01:14:03.369,2022-07-12 01:14:05.669,normal_test
normal_0581,normal,10,2022-07-12 01:14:11.239,2022-07-12 01:14:12.139,normal_test
normal_0582,normal,50,2022-07-12 01:14:28.769,2022-07-12 01:14:33.669,normal_test
normal_0583,normal,50,2022-07-12 01:14:35.252,2022-07-12 01:14:40.152,normal_test
normal_0584,normal,37,2022-07-12 01:14:43.335,2022-07-12 01:14:46.935,normal_test
normal_0585,normal,25,2022-07-12 01:14:51.439,2022-07-12 01:14:53.839,normal_test
normal_0586,normal,11,2022-07-12 01:14:59.376,2022-07-12 01:15:00.376,normal_test
normal_0587,normal,50,2022-07-12 01:15:17.019,2022-07-12 01:15:21.919,normal_test
normal_0588,normal,50,2022-07-12 01:15:23.633,2022-07-12 01:15:28.533,normal_test
normal_0589,normal,42,2022-07-12 01:15:31.236,2022-07-12 01:15:35.336,normal_test
normal_0590,normal,29,2022-07-12 01:15:39.216,2022-07-12 01:15:42.016,normal_test
normal_0591,normal,18,2022-07-12 01:15:47.224,2022-07-12 01:15:48.924,normal_test
normal_0592,normal,6,2022-07-12 01:15:55.225,2022-07-12 01:15:55.725,normal_test
normal_0593,normal,50,2022-07-12 01:16:04.244,2022-07-12 01:16:09.144,normal_test
normal_0594,normal,46,2022-07-12 01:16:11.294,2022-07-12 01:16:15.794,normal_test
normal_0595,normal,35,2022-07-12 01:16:19.392,2022-07-12 01:16:22.792,normal_test
normal_0596,normal,22,2022-07-12 01:16:27.377,2022-07-12 01:16:29.477,normal_test
normal_0597,normal,8,2022-07-12 01:16:35.392,2022-07-12 01:16:36.092,normal_test
normal_0598,normal,50,2022-07-12 01:16:44.524,2022-07-12 01:16:49.424,normal_test
normal_0599,normal,44,2022-07-12 01:16:51.528,2022-07-12 01:16:55.828,normal_test
fault_0001,fault,4,2022-07-17 10:51:07.943,2022-07-17 10:51:08.243,fault_test
fault_0002,fault,50,2022-07-17 10:51:16.724,2022-07-17 10:51:21.624,fault_test
fault_0003,fault,47,2022-07-17 10:51:23.615,2022-07-17 10:51:28.215,fault_test
fault_0004,fault,31,2022-07-17 10:51:31.734,2022-07-17 10:51:34.734,fault_test
fault_0005,fault,18,2022-07-17 10:51:39.999,2022-07-17 10:51:41.699,fault_test
fault_0006,fault,3,2022-07-17 10:51:48.093,2022-07-17 10:51:48.293,fault_test
fault_0007,fault,50,2022-07-17 10:51:56.684,2022-07-17 10:52:01.584,fault_test
fault_0008,fault,40,2022-07-17 10:52:04.407,2022-07-17 10:52:08.307,fault_test
fault_0009,fault,25,2022-07-17 10:52:12.567,2022-07-17 10:52:14.967,fault_test
fault_0010,fault,8,2022-07-17 10:52:21.018,2022-07-17 10:52:21.718,fault_test
fault_0011,fault,4,2022-07-17 10:52:29.326,2022-07-17 10:52:29.626,fault_test
fault_0012,fault,50,2022-07-17 10:52:38.172,2022-07-17 10:52:43.072,fault_test
fault_0013,fault,42,2022-07-17 10:52:45.655,2022-07-17 10:52:49.755,fault_test
fault_0014,fault,28,2022-07-17 10:52:53.769,2022-07-17 10:52:56.469,fault_test
fault_0015,fault,15,2022-07-17 10:53:01.909,2022-07-17 10:53:03.309,fault_test
fault_0016,fault,50,2022-07-17 10:53:11.764,2022-07-17 10:53:16.664,fault_test
fault_0017,fault,50,2022-07-17 10:53:18.444,2022-07-17 10:53:23.344,fault_test
fault_0018,fault,36,2022-07-17 10:53:26.553,2022-07-17 10:53:30.053,fault_test
fault_0019,fault,24,2022-07-17 10:53:34.639,2022-07-17 10:53:36.939,fault_test
fault_0020,fault,10,2022-07-17 10:53:42.668,2022-07-17 10:53:43.568,fault_test
fault_0021,fault,15,2022-07-17 10:53:52.140,2022-07-17 10:53:53.540,fault_test
