clip_id,label,points,FP,FN_warmup,FN_scored,first_alarm_s,current_range,vibration0_max_abs,vibration1_max_abs
normal_0480,0,50,0,0,0,,230.43610999999999,0.105609,0.104218
normal_0481,0,50,0,0,0,,229.91409,0.085885,0.128257
normal_0482,0,41,0,0,0,,232.65674,0.07357,0.101672
normal_0483,0,50,0,0,0,,231.92873,0.080341,0.09305
normal_0484,0,44,0,0,0,,231.46918,0.085042,0.119824
normal_0485,0,44,0,0,0,,232.30353,0.065298,0.083137
normal_0486,0,44,0,0,0,,231.31409,0.103299,0.096053
normal_0487,0,43,0,0,0,,232.49259999999998,0.092182,0.126433
normal_0488,0,35,0,0,0,,231.79713,0.089506,0.11116
normal_0489,0,23,0,0,0,,232.11506,0.06535,0.088756
normal_0490,0,21,0,0,0,,230.49453,0.07001,0.055556
normal_0491,0,8,0,0,0,,94.550386,0.054872,0.044478
normal_0492,0,50,0,0,0,,230.26136,0.107962,0.13592
normal_0493,0,50,0,0,0,,230.71721,0.094717,0.139031
normal_0494,0,39,0,0,0,,230.92022,0.082376,0.124838
normal_0495,0,27,0,0,0,,230.25313,0.07135,0.092194
normal_0496,0,15,0,0,0,,224.9141,0.067664,0.086764
normal_0497,0,13,0,0,0,,222.39413,0.067175,0.08991
normal_0498,0,50,0,0,0,,233.68052,0.075618,0.127289
normal_0499,0,50,0,0,0,,234.21744,0.064779,0.089729
normal_0500,0,50,0,0,0,,232.27456,0.104676,0.11181
normal_0501,0,37,0,0,0,,233.3788,0.107892,0.091011
normal_0502,0,24,0,0,0,,231.88963,0.064957,0.100605
normal_0503,0,11,0,0,0,,221.97809999999998,0.056708,0.100573
normal_0504,0,13,0,0,0,,231.8615,0.086358,0.098101
normal_0505,0,50,0,0,0,,232.18909000000002,0.073817,0.108435
normal_0506,0,50,0,0,0,,233.9485,0.073007,0.10951
normal_0507,0,38,0,0,0,,231.99394,0.072953,0.090278
normal_0508,0,27,0,0,0,,232.20542,0.066033,0.112145
normal_0509,0,13,0,0,0,,230.95622,0.088809,0.070328
normal_0510,0,50,0,0,0,,234.34046,0.085112,0.120982
normal_0511,0,50,0,0,0,,233.07469,0.089681,0.097724
normal_0512,0,38,0,0,0,,233.96339999999998,0.076449,0.098294
normal_0513,0,26,0,0,0,,234.27203,0.084939,0.126441
normal_0514,0,13,0,0,0,,229.70524,0.073487,0.061993
normal_0515,0,50,0,0,0,,231.75624,0.072832,0.098538
normal_0516,0,50,0,0,0,,233.97436,0.087804,0.113766
normal_0517,0,40,0,0,0,,232.81148000000002,0.066458,0.086148
normal_0518,0,25,0,0,0,,231.69687,0.07454,0.077244
normal_0519,0,13,0,0,0,,229.9861,0.084465,0.072385
normal_0520,0,50,0,0,0,,231.60544,0.108108,0.135591
normal_0521,0,50,0,0,0,,232.27742,0.092029,0.074264
normal_0522,0,39,0,0,0,,233.53901000000002,0.062479,0.085904
normal_0523,0,25,0,0,0,,231.48658999999998,0.090566,0.091092
normal_0524,0,11,0,0,0,,180.855894,0.064114,0.050691
normal_0525,0,50,0,0,0,,234.10406,0.091799,0.089409
normal_0526,0,50,0,0,0,,232.94809,0.069502,0.088078
normal_0527,0,49,0,0,0,,233.7723,0.089902,0.102651
normal_0528,0,36,0,0,0,,232.52346999999997,0.068929,0.113394
normal_0529,0,25,0,0,0,,232.60072,0.091237,0.111952
normal_0530,0,11,0,0,0,,166.822812,0.051805,0.11651
normal_0531,0,1,0,0,0,,0.0,0.002891,0.056153
normal_0532,0,50,0,0,0,,230.68491,0.071225,0.105008
normal_0533,0,50,0,0,0,,231.15185000000002,0.048114,0.116492
normal_0534,0,38,0,0,0,,232.86834,0.098859,0.115411
normal_0535,0,25,0,0,0,,232.57294000000002,0.057683,0.087258
normal_0536,0,10,0,0,0,,203.391572,0.064885,0.063232
normal_0537,0,50,0,0,0,,234.95569999999998,0.084868,0.096338
normal_0538,0,50,0,0,0,,234.09847000000002,0.077981,0.102921
normal_0539,0,35,0,0,0,,234.70929,0.072437,0.112259
normal_0540,0,23,0,0,0,,232.26967,0.053776,0.084493
normal_0541,0,10,0,0,0,,209.294826,0.051003,0.103026
normal_0542,0,8,0,0,0,,184.59596499999998,0.057095,0.091178
normal_0543,0,50,0,0,0,,232.95119,0.064995,0.107401
normal_0544,0,50,0,0,0,,233.06027,0.089697,0.084408
normal_0545,0,36,0,0,0,,232.54612,0.08987,0.088537
normal_0546,0,22,0,0,0,,233.27783,0.057485,0.105989
normal_0547,0,7,0,0,0,,142.029656,0.029715,0.076663
normal_0548,0,8,0,0,0,,213.472745,0.035018,0.059248
normal_0549,0,50,0,0,0,,232.7036,0.081247,0.077159
normal_0550,0,49,0,0,0,,232.3437,0.095986,0.147532
normal_0551,0,46,0,0,0,,230.58429,0.092123,0.092785
normal_0552,0,45,0,0,0,,231.84111000000001,0.088498,0.0991
normal_0553,0,31,0,0,0,,232.59702,0.050206,0.091758
normal_0554,0,17,0,0,0,,231.26056,0.10891,0.087547
normal_0555,0,3,0,0,0,,96.90953499999999,0.0247,0.075768
normal_0556,0,50,0,0,0,,232.93176,0.083436,0.094314
normal_0557,0,50,0,0,0,,232.91233,0.078508,0.089719
normal_0558,0,45,0,0,0,,232.69036,0.057446,0.098854
normal_0559,0,30,0,0,0,,230.31094000000002,0.079386,0.127148
normal_0560,0,19,0,0,0,,229.62763,0.065576,0.065038
normal_0561,0,5,0,0,0,,230.848339,0.122687,0.201156
normal_0562,0,50,0,0,0,,247.96024,0.126291,0.107875
normal_0563,0,50,0,0,0,,225.90294,0.133575,0.127375
normal_0564,0,44,0,0,0,,405.39459999999997,0.167657,0.254224
normal_0565,0,30,0,0,0,,453.56994,0.159843,0.259264
normal_0566,0,18,0,0,0,,223.85493000000002,0.116295,0.11889
normal_0567,0,4,0,0,0,,191.64671500000003,0.132057,0.169301
normal_0568,0,50,0,0,0,,481.15402,0.211745,0.272816
normal_0569,0,50,0,0,0,,223.457,0.126744,0.095011
normal_0570,0,44,10,0,0,0.2,367.24644,0.300395,0.337095
normal_0571,0,42,0,0,0,,220.84608,0.136219,0.124843
normal_0572,0,30,0,0,0,,482.14835,0.186993,0.31244
normal_0573,0,20,0,0,0,,344.45480999999995,0.167167,0.176731
normal_0574,0,8,0,0,0,,213.72809999999998,0.069471,0.08386
normal_0575,0,50,0,0,0,,364.88811,0.15975,0.217887
normal_0576,0,50,2,0,0,2.0,528.8117500000001,0.262679,0.307006
normal_0577,0,49,0,0,0,,328.46133,0.158471,0.191995
normal_0578,0,35,0,0,0,,222.90543,0.149044,0.123488
normal_0579,0,35,0,0,0,,315.79224,0.193992,0.191494
normal_0580,0,24,0,0,0,,271.817,0.135262,0.133295
normal_0581,0,10,0,0,0,,482.44172000000003,0.172876,0.282865
normal_0582,0,50,0,0,0,,265.95034999999996,0.139714,0.135954
normal_0583,0,50,0,0,0,,222.68167,0.162513,0.139774
normal_0584,0,37,0,0,0,,493.8311,0.167701,0.335395
normal_0585,0,25,0,0,0,,304.48858,0.160112,0.175438
normal_0586,0,11,0,0,0,,202.350645,0.148394,0.12189
normal_0587,0,50,0,0,0,,525.01709,0.1677,0.288593
normal_0588,0,50,0,0,0,,346.16724999999997,0.159412,0.232562
normal_0589,0,42,0,0,0,,227.02148,0.121254,0.106129
normal_0590,0,29,0,0,0,,501.67422999999997,0.213772,0.308312
normal_0591,0,18,0,0,0,,297.68029,0.188863,0.151308
normal_0592,0,6,0,0,0,,135.18668499999998,0.099712,0.052986
normal_0593,0,50,0,0,0,,330.42112999999995,0.216875,0.21388
normal_0594,0,46,0,0,0,,229.07725,0.180497,0.130066
normal_0595,0,35,0,0,0,,520.12152,0.190123,0.30611
normal_0596,0,22,0,0,0,,298.56816000000003,0.118111,0.158604
normal_0597,0,8,0,0,0,,212.954905,0.14492,0.089444
normal_0598,0,50,0,0,0,,430.00119,0.188886,0.25636
normal_0599,0,44,0,0,0,,227.44516,0.150149,0.093624
fault_0001,1,4,0,2,0,0.2,126.361864,1.0703204,0.55738194
fault_0002,1,50,0,2,2,0.2,369.54884000000004,1.0141485,0.63460179
fault_0003,1,47,0,2,1,0.2,331.40186,1.1848827,0.67001737
fault_0004,1,31,0,2,5,0.5,352.85954,0.11274956,0.19192376
fault_0005,1,18,0,2,0,0.2,345.70697900000005,1.214663,0.64508758
fault_0006,1,3,0,2,0,0.2,42.915350000000004,1.2754045,0.41165081
fault_0007,1,50,0,2,2,0.2,535.24978,1.5525772,0.70039838
fault_0008,1,40,0,2,0,0.2,458.95582,0.9826353,0.50135357
fault_0009,1,25,0,2,0,0.2,306.36791,0.74485689,0.7512533
fault_0010,1,8,0,2,0,0.2,141.859075,0.78196631,0.71433314
fault_0011,1,4,0,2,0,0.2,190.73488099999997,0.75195941,0.74273505
fault_0012,1,50,0,2,1,0.2,275.3735,1.0064882,0.70132428
fault_0013,1,42,0,2,4,0.2,344.51489000000004,1.3702583,0.67905645
fault_0014,1,28,0,2,0,0.2,301.59954,1.7322521,0.60066765
fault_0015,1,15,0,2,2,0.2,170.469302,0.82649834,0.25984478
fault_0016,1,50,0,2,7,0.2,426.769306,1.1404441,0.65263365
fault_0017,1,50,0,2,6,0.2,507.831631,0.67080878,0.66757532
fault_0018,1,36,0,2,4,0.2,394.58279600000003,0.90092174,0.67675328
fault_0019,1,24,0,2,1,0.3,307.560003,1.8032037,0.50931629
fault_0020,1,10,0,2,0,0.2,241.994888,0.053348735,0.15133473
fault_0021,1,15,0,2,5,0.3,143.05116,0.069143968,0.049115646
