variant,policy,seed,F1,FP,FN,TP,TN,FAR,miss,normal_alarm_clips,no_alarm_fault_clips,early_0.0,early_0.2,early_0.3,early_0.5,delay_mean,delay_p90,FN_warmup,FN_before_first_alarm,FN_after_first_alarm,FN_no_alarm_clip
Original,point,0,0.9168141592920354,12,82,518,4078,0.00293398533007335,0.13666666666666666,2,0,0.0,0.8571428571428571,0.9523809523809523,1.0,0.22380952380952382,0.3,42,5,35,0
Original,consecutive2,0,0.872794800371402,7,130,470,4083,0.0017114914425427872,0.21666666666666667,2,1,0.0,0.0,0.8095238095238095,0.9047619047619048,0.325,0.4,42,25,62,1
Original,consecutive3,0,0.8313953488372093,3,171,429,4087,0.0007334963325183374,0.285,1,3,0.0,0.0,0.0,0.7142857142857143,0.46111111111111114,0.7,42,47,77,5
Original,hysteresis2,0,0.9373390557939915,19,54,546,4071,0.004645476772616137,0.09,2,0,0.0,0.8571428571428571,0.9523809523809523,1.0,0.22380952380952382,0.3,42,5,7,0
StartupMarginal,point,0,0.9384215091066782,12,59,541,4078,0.00293398533007335,0.09833333333333333,2,0,0.5238095238095238,0.8571428571428571,0.9523809523809523,1.0,0.11428571428571428,0.3,0,24,35,0
StartupMarginal,consecutive2,0,0.8963636363636364,7,107,493,4083,0.0017114914425427872,0.17833333333333334,2,0,0.0,0.5714285714285714,0.8571428571428571,0.9523809523809523,0.21428571428571433,0.4,0,45,62,0
StartupMarginal,consecutive3,0,0.855787476280835,3,149,451,4087,0.0007334963325183374,0.24833333333333332,1,0,0.0,0.5238095238095238,0.5714285714285714,0.8571428571428571,0.34285714285714286,0.7,0,72,77,0
StartupMarginal,hysteresis2,0,0.9579124579124579,19,31,569,4071,0.004645476772616137,0.051666666666666666,2,0,0.5238095238095238,0.8571428571428571,0.9523809523809523,1.0,0.11428571428571428,0.3,0,24,7,0
ConditionalCurrent,point,0,0.9041591320072333,6,100,500,4084,0.001466992665036675,0.16666666666666666,4,0,0.0,0.9047619047619048,1.0,1.0,0.20952380952380953,0.2,42,2,56,0
ConditionalCurrent,consecutive2,0,0.840887174541948,1,164,436,4089,0.00024449877750611245,0.2733333333333333,1,1,0.0,0.0,0.8571428571428571,0.9047619047619048,0.31999999999999995,0.3100000000000001,42,24,97,1
ConditionalCurrent,consecutive3,0,0.7780040733197556,0,218,382,4090,0.0,0.36333333333333334,0,3,0.0,0.0,0.0,0.6666666666666666,0.47777777777777786,0.7,42,50,121,5
ConditionalCurrent,hysteresis2,0,0.9475494411006019,12,49,551,4078,0.00293398533007335,0.08166666666666667,4,0,0.0,0.9047619047619048,1.0,1.0,0.20952380952380953,0.2,42,2,5,0
StartupConditional,point,0,0.918967052537845,7,84,516,4083,0.0017114914425427872,0.14,4,0,0.3333333333333333,0.9047619047619048,1.0,1.0,0.13333333333333336,0.2,0,28,56,0
StartupConditional,consecutive2,0,0.8584995251661919,1,148,452,4089,0.00024449877750611245,0.24666666666666667,1,0,0.0,0.42857142857142855,0.9047619047619048,0.9523809523809523,0.24285714285714283,0.3,0,51,97,0
StartupConditional,consecutive3,0,0.7963891675025075,0,203,397,4090,0.0,0.3383333333333333,0,0,0.0,0.3333333333333333,0.42857142857142855,0.8571428571428571,0.37619047619047624,0.7,0,79,124,0
StartupConditional,hysteresis2,0,0.9602032176121931,14,33,567,4076,0.0034229828850855745,0.055,4,0,0.3333333333333333,0.9047619047619048,1.0,1.0,0.13333333333333336,0.2,0,28,5,0
JointConditional,point,0,0.9118705035971223,5,93,507,4085,0.0012224938875305623,0.155,3,0,0.0,0.8571428571428571,1.0,1.0,0.21428571428571433,0.3,42,3,48,0
JointConditional,consecutive2,0,0.8533333333333334,2,152,448,4088,0.0004889975550122249,0.25333333333333335,1,1,0.0,0.0,0.8095238095238095,0.9047619047619048,0.325,0.4,42,25,84,1
JointConditional,consecutive3,0,0.7967967967967968,1,202,398,4089,0.00024449877750611245,0.33666666666666667,1,3,0.0,0.0,0.0,0.6666666666666666,0.47777777777777786,0.7,42,50,105,5
JointConditional,hysteresis2,0,0.9430051813471503,12,54,546,4078,0.00293398533007335,0.09,3,0,0.0,0.8571428571428571,1.0,1.0,0.21428571428571433,0.3,42,3,9,0
StartupJointConditional,point,0,0.9274336283185841,6,76,524,4084,0.001466992665036675,0.12666666666666668,3,0,0.42857142857142855,0.8571428571428571,1.0,1.0,0.12380952380952381,0.3,0,26,50,0
StartupJointConditional,consecutive2,0,0.8694835680751174,2,137,463,4088,0.0004889975550122249,0.22833333333333333,1,0,0.0,0.38095238095238093,0.8571428571428571,0.9523809523809523,0.2523809523809524,0.4,0,53,84,0
StartupJointConditional,consecutive3,0,0.8134254689042448,1,188,412,4089,0.00024449877750611245,0.31333333333333335,1,0,0.0,0.3333333333333333,0.38095238095238093,0.8095238095238095,0.3952380952380953,0.7,0,83,105,0
StartupJointConditional,hysteresis2,0,0.9568162574089755,16,35,565,4074,0.003911980440097799,0.058333333333333334,3,0,0.42857142857142855,0.8571428571428571,1.0,1.0,0.12380952380952381,0.3,0,26,9,0
MoreComponents,point,0,0.9236172080772608,13,74,526,4077,0.003178484107579462,0.12333333333333334,3,0,0.0,0.8571428571428571,0.9523809523809523,1.0,0.21904761904761907,0.3,42,4,28,0
MoreComponents,consecutive2,0,0.8870523415977961,6,117,483,4084,0.001466992665036675,0.195,1,1,0.0,0.0,0.8095238095238095,0.9523809523809523,0.31999999999999995,0.4,42,24,50,1
MoreComponents,consecutive3,0,0.8492366412213741,3,155,445,4087,0.0007334963325183374,0.25833333333333336,1,3,0.0,0.0,0.0,0.6666666666666666,0.4722222222222223,0.7,42,49,59,5
MoreComponents,hysteresis2,0,0.9379779099405268,25,48,552,4065,0.006112469437652812,0.08,3,0,0.0,0.8571428571428571,0.9523809523809523,1.0,0.21904761904761907,0.3,42,4,2,0
MoreNormalCoverage,point,0,0.9200710479573713,8,82,518,4082,0.0019559902200488996,0.13666666666666666,1,0,0.0,0.8571428571428571,1.0,1.0,0.21428571428571433,0.3,42,3,37,0
MoreNormalCoverage,consecutive2,0,0.8723205964585274,5,132,468,4085,0.0012224938875305623,0.22,1,1,0.0,0.0,0.8095238095238095,0.9047619047619048,0.325,0.4,42,25,64,1
MoreNormalCoverage,consecutive3,0,0.829126213592233,3,173,427,4087,0.0007334963325183374,0.28833333333333333,1,3,0.0,0.0,0.0,0.7142857142857143,0.46111111111111114,0.7,42,47,79,5
MoreNormalCoverage,hysteresis2,0,0.9448275862068966,12,52,548,4078,0.00293398533007335,0.08666666666666667,1,0,0.0,0.8571428571428571,1.0,1.0,0.21428571428571433,0.3,42,3,7,0
Original,point,1,0.9173333333333333,9,84,516,4081,0.002200488997555012,0.14,2,0,0.0,0.8571428571428571,1.0,1.0,0.21428571428571433,0.3,42,3,39,0
Original,consecutive2,1,0.8681010289990645,5,136,464,4085,0.0012224938875305623,0.22666666666666666,1,1,0.0,0.0,0.8095238095238095,0.9047619047619048,0.325,0.4,42,25,68,1
Original,consecutive3,1,0.822265625,3,179,421,4087,0.0007334963325183374,0.29833333333333334,1,3,0.0,0.0,0.0,0.6666666666666666,0.47777777777777786,0.7,42,50,82,5
Original,hysteresis2,1,0.9432013769363167,14,52,548,4076,0.0034229828850855745,0.08666666666666667,2,0,0.0,0.8571428571428571,1.0,1.0,0.21428571428571433,0.3,42,3,7,0
StartupMarginal,point,1,0.9390243902439024,9,61,539,4081,0.002200488997555012,0.10166666666666667,2,0,0.5238095238095238,0.8571428571428571,1.0,1.0,0.10476190476190475,0.3,0,22,39,0
StartupMarginal,consecutive2,1,0.891941391941392,5,113,487,4085,0.0012224938875305623,0.18833333333333332,1,0,0.0,0.5714285714285714,0.8571428571428571,0.9523809523809523,0.21428571428571433,0.4,0,45,68,0
StartupMarginal,consecutive3,1,0.847036328871893,3,157,443,4087,0.0007334963325183374,0.26166666666666666,1,0,0.0,0.5238095238095238,0.5714285714285714,0.8571428571428571,0.34285714285714286,0.7,0,72,85,0
StartupMarginal,hysteresis2,1,0.9637130801687763,14,29,571,4076,0.0034229828850855745,0.04833333333333333,2,0,0.5238095238095238,0.8571428571428571,1.0,1.0,0.10476190476190475,0.3,0,22,7,0
ConditionalCurrent,point,1,0.8941605839416058,6,110,490,4084,0.001466992665036675,0.18333333333333332,6,0,0.0,0.9047619047619048,1.0,1.0,0.20952380952380953,0.2,42,2,66,0
ConditionalCurrent,consecutive2,1,0.8223748773307163,0,181,419,4090,0.0,0.3016666666666667,0,1,0.0,0.0,0.8571428571428571,0.9047619047619048,0.31999999999999995,0.3100000000000001,42,24,114,1
ConditionalCurrent,consecutive3,1,0.748696558915537,0,241,359,4090,0.0,0.40166666666666667,0,3,0.0,0.0,0.0,0.6666666666666666,0.47777777777777786,0.7,42,50,144,5
ConditionalCurrent,hysteresis2,1,0.9466437177280551,12,50,550,4078,0.00293398533007335,0.08333333333333333,6,0,0.0,0.9047619047619048,1.0,1.0,0.20952380952380953,0.2,42,2,6,0
StartupConditional,point,1,0.908273381294964,7,95,505,4083,0.0017114914425427872,0.15833333333333333,6,0,0.2857142857142857,0.9047619047619048,1.0,1.0,0.13333333333333336,0.2,0,28,67,0
StartupConditional,consecutive2,1,0.8383349467570184,0,167,433,4090,0.0,0.2783333333333333,0,0,0.0,0.42857142857142855,0.9047619047619048,0.9523809523809523,0.2523809523809523,0.3,0,53,114,0
StartupConditional,consecutive3,1,0.7654320987654321,0,228,372,4090,0.0,0.38,0,1,0.0,0.23809523809523808,0.38095238095238093,0.8095238095238095,0.39000000000000007,0.7,0,78,147,3
StartupConditional,hysteresis2,1,0.9576988155668359,16,34,566,4074,0.003911980440097799,0.056666666666666664,6,0,0.2857142857142857,0.9047619047619048,1.0,1.0,0.13333333333333336,0.2,0,28,6,0
JointConditional,point,1,0.8998178506375227,4,106,494,4086,0.0009779951100244498,0.17666666666666667,4,0,0.0,0.8571428571428571,1.0,1.0,0.21428571428571433,0.3,42,3,61,0
JointConditional,consecutive2,1,0.828125,0,176,424,4090,0.0,0.29333333333333333,0,1,0.0,0.0,0.8095238095238095,0.9047619047619048,0.325,0.4,42,25,108,1
JointConditional,consecutive3,1,0.7564766839378239,0,235,365,4090,0.0,0.39166666666666666,0,3,0.0,0.0,0.0,0.6666666666666666,0.47777777777777786,0.7,42,50,138,5
JointConditional,hysteresis2,1,0.9482758620689655,10,50,550,4080,0.0024449877750611247,0.08333333333333333,4,0,0.0,0.8571428571428571,1.0,1.0,0.21428571428571433,0.3,42,3,5,0
StartupJointConditional,point,1,0.9147982062780269,5,90,510,4085,0.0012224938875305623,0.15,4,0,0.3333333333333333,0.8571428571428571,1.0,1.0,0.1380952380952381,0.3,0,29,61,0
StartupJointConditional,consecutive2,1,0.8461538461538461,0,160,440,4090,0.0,0.26666666666666666,0,0,0.0,0.42857142857142855,0.8571428571428571,0.9523809523809523,0.24761904761904763,0.4,0,52,108,0
StartupJointConditional,consecutive3,1,0.7755102040816326,0,220,380,4090,0.0,0.36666666666666664,0,1,0.0,0.3333333333333333,0.38095238095238093,0.8095238095238095,0.38000000000000006,0.7,0,76,141,3
StartupJointConditional,hysteresis2,1,0.9593220338983051,14,34,566,4076,0.0034229828850855745,0.056666666666666664,4,0,0.3333333333333333,0.8571428571428571,1.0,1.0,0.1380952380952381,0.3,0,29,5,0
MoreComponents,point,1,0.9217238346525946,13,76,524,4077,0.003178484107579462,0.12666666666666668,2,0,0.0,0.8571428571428571,0.9523809523809523,1.0,0.21904761904761907,0.3,42,4,30,0
MoreComponents,consecutive2,1,0.8805147058823529,9,121,479,4081,0.002200488997555012,0.20166666666666666,1,1,0.0,0.0,0.8095238095238095,0.9523809523809523,0.31999999999999995,0.4,42,24,54,1
MoreComponents,consecutive3,1,0.8393881453154876,7,161,439,4083,0.0017114914425427872,0.2683333333333333,1,3,0.0,0.0,0.0,0.6666666666666666,0.4722222222222223,0.7,42,49,65,5
MoreComponents,hysteresis2,1,0.9419795221843004,20,48,552,4070,0.004889975550122249,0.08,2,0,0.0,0.8571428571428571,0.9523809523809523,1.0,0.21904761904761907,0.3,42,4,2,0
MoreNormalCoverage,point,1,0.9176262178919398,11,82,518,4079,0.0026894865525672372,0.13666666666666666,3,0,0.0,0.8571428571428571,0.9523809523809523,1.0,0.22380952380952382,0.3,42,5,35,0
MoreNormalCoverage,consecutive2,1,0.8736059479553904,6,130,470,4084,0.001466992665036675,0.21666666666666667,1,1,0.0,0.0,0.8095238095238095,0.9047619047619048,0.325,0.4,42,25,62,1
MoreNormalCoverage,consecutive3,1,0.8305905130687319,4,171,429,4086,0.0009779951100244498,0.285,1,3,0.0,0.0,0.0,0.7142857142857143,0.46111111111111114,0.7,42,47,77,5
MoreNormalCoverage,hysteresis2,1,0.9381443298969072,18,54,546,4072,0.004400977995110024,0.09,3,0,0.0,0.8571428571428571,0.9523809523809523,1.0,0.22380952380952382,0.3,42,5,7,0
Original,point,2,0.9173333333333333,9,84,516,4081,0.002200488997555012,0.14,2,0,0.0,0.8571428571428571,1.0,1.0,0.21428571428571433,0.3,42,3,39,0
Original,consecutive2,2,0.8681010289990645,5,136,464,4085,0.0012224938875305623,0.22666666666666666,1,1,0.0,0.0,0.8095238095238095,0.9047619047619048,0.325,0.4,42,25,68,1
Original,consecutive3,2,0.822265625,3,179,421,4087,0.0007334963325183374,0.29833333333333334,1,3,0.0,0.0,0.0,0.6666666666666666,0.47777777777777786,0.7,42,50,82,5
Original,hysteresis2,2,0.9432013769363167,14,52,548,4076,0.0034229828850855745,0.08666666666666667,2,0,0.0,0.8571428571428571,1.0,1.0,0.21428571428571433,0.3,42,3,7,0
StartupMarginal,point,2,0.9390243902439024,9,61,539,4081,0.002200488997555012,0.10166666666666667,2,0,0.5238095238095238,0.8571428571428571,1.0,1.0,0.10476190476190475,0.3,0,22,39,0
StartupMarginal,consecutive2,2,0.891941391941392,5,113,487,4085,0.0012224938875305623,0.18833333333333332,1,0,0.0,0.5714285714285714,0.8571428571428571,0.9523809523809523,0.21428571428571433,0.4,0,45,68,0
StartupMarginal,consecutive3,2,0.847036328871893,3,157,443,4087,0.0007334963325183374,0.26166666666666666,1,0,0.0,0.5238095238095238,0.5714285714285714,0.8571428571428571,0.34285714285714286,0.7,0,72,85,0
StartupMarginal,hysteresis2,2,0.9637130801687763,14,29,571,4076,0.0034229828850855745,0.04833333333333333,2,0,0.5238095238095238,0.8571428571428571,1.0,1.0,0.10476190476190475,0.3,0,22,7,0
ConditionalCurrent,point,2,0.8941605839416058,6,110,490,4084,0.001466992665036675,0.18333333333333332,6,0,0.0,0.9047619047619048,1.0,1.0,0.20952380952380953,0.2,42,2,66,0
ConditionalCurrent,consecutive2,2,0.8223748773307163,0,181,419,4090,0.0,0.3016666666666667,0,1,0.0,0.0,0.8571428571428571,0.9047619047619048,0.31999999999999995,0.3100000000000001,42,24,114,1
ConditionalCurrent,consecutive3,2,0.748696558915537,0,241,359,4090,0.0,0.40166666666666667,0,3,0.0,0.0,0.0,0.6666666666666666,0.47777777777777786,0.7,42,50,144,5
ConditionalCurrent,hysteresis2,2,0.9466437177280551,12,50,550,4078,0.00293398533007335,0.08333333333333333,6,0,0.0,0.9047619047619048,1.0,1.0,0.20952380952380953,0.2,42,2,6,0
StartupConditional,point,2,0.908273381294964,7,95,505,4083,0.0017114914425427872,0.15833333333333333,6,0,0.2857142857142857,0.9047619047619048,1.0,1.0,0.13333333333333336,0.2,0,28,67,0
StartupConditional,consecutive2,2,0.8383349467570184,0,167,433,4090,0.0,0.2783333333333333,0,0,0.0,0.42857142857142855,0.9047619047619048,0.9523809523809523,0.2523809523809523,0.3,0,53,114,0
StartupConditional,consecutive3,2,0.7654320987654321,0,228,372,4090,0.0,0.38,0,1,0.0,0.23809523809523808,0.38095238095238093,0.8095238095238095,0.39000000000000007,0.7,0,78,147,3
StartupConditional,hysteresis2,2,0.9593220338983051,14,34,566,4076,0.0034229828850855745,0.056666666666666664,6,0,0.2857142857142857,0.9047619047619048,1.0,1.0,0.13333333333333336,0.2,0,28,6,0
JointConditional,point,2,0.8998178506375227,4,106,494,4086,0.0009779951100244498,0.17666666666666667,4,0,0.0,0.8571428571428571,1.0,1.0,0.21428571428571433,0.3,42,3,61,0
JointConditional,consecutive2,2,0.828125,0,176,424,4090,0.0,0.29333333333333333,0,1,0.0,0.0,0.8095238095238095,0.9047619047619048,0.325,0.4,42,25,108,1
JointConditional,consecutive3,2,0.7564766839378239,0,235,365,4090,0.0,0.39166666666666666,0,3,0.0,0.0,0.0,0.6666666666666666,0.47777777777777786,0.7,42,50,138,5
JointConditional,hysteresis2,2,0.9482758620689655,10,50,550,4080,0.0024449877750611247,0.08333333333333333,4,0,0.0,0.8571428571428571,1.0,1.0,0.21428571428571433,0.3,42,3,5,0
StartupJointConditional,point,2,0.9147982062780269,5,90,510,4085,0.0012224938875305623,0.15,4,0,0.3333333333333333,0.8571428571428571,1.0,1.0,0.1380952380952381,0.3,0,29,61,0
StartupJointConditional,consecutive2,2,0.8461538461538461,0,160,440,4090,0.0,0.26666666666666666,0,0,0.0,0.42857142857142855,0.8571428571428571,0.9523809523809523,0.24761904761904763,0.4,0,52,108,0
StartupJointConditional,consecutive3,2,0.7755102040816326,0,220,380,4090,0.0,0.36666666666666664,0,1,0.0,0.3333333333333333,0.38095238095238093,0.8095238095238095,0.38000000000000006,0.7,0,76,141,3
StartupJointConditional,hysteresis2,2,0.9593220338983051,14,34,566,4076,0.0034229828850855745,0.056666666666666664,4,0,0.3333333333333333,0.8571428571428571,1.0,1.0,0.1380952380952381,0.3,0,29,5,0
MoreComponents,point,2,0.920774647887324,13,77,523,4077,0.003178484107579462,0.12833333333333333,2,0,0.0,0.8571428571428571,1.0,1.0,0.21428571428571433,0.3,42,3,32,0
MoreComponents,consecutive2,2,0.8761552680221811,8,126,474,4082,0.0019559902200488996,0.21,2,1,0.0,0.0,0.8095238095238095,0.9047619047619048,0.325,0.4,42,25,58,1
MoreComponents,consecutive3,2,0.833976833976834,4,168,432,4086,0.0009779951100244498,0.28,1,3,0.0,0.0,0.0,0.6190476190476191,0.4944444444444446,0.7,42,53,68,5
MoreComponents,hysteresis2,2,0.9427839453458582,19,48,552,4071,0.004645476772616137,0.08,2,0,0.0,0.8571428571428571,1.0,1.0,0.21428571428571433,0.3,42,3,3,0
MoreNormalCoverage,point,2,0.9176262178919398,11,82,518,4079,0.0026894865525672372,0.13666666666666666,3,0,0.0,0.8571428571428571,0.9523809523809523,1.0,0.22380952380952382,0.3,42,5,35,0
MoreNormalCoverage,consecutive2,2,0.8736059479553904,6,130,470,4084,0.001466992665036675,0.21666666666666667,1,1,0.0,0.0,0.8095238095238095,0.9047619047619048,0.325,0.4,42,25,62,1
MoreNormalCoverage,consecutive3,2,0.8305905130687319,4,171,429,4086,0.0009779951100244498,0.285,1,3,0.0,0.0,0.0,0.7142857142857143,0.46111111111111114,0.7,42,47,77,5
MoreNormalCoverage,hysteresis2,2,0.9381443298969072,18,54,546,4072,0.004400977995110024,0.09,3,0,0.0,0.8571428571428571,0.9523809523809523,1.0,0.22380952380952382,0.3,42,5,7,0
