variant,policy,F1_mean,F1_std,FP_mean,FP_std,FN_mean,FN_std,TP_mean,TP_std,TN_mean,TN_std,FAR_mean,FAR_std,miss_mean,miss_std,normal_alarm_clips_mean,normal_alarm_clips_std,no_alarm_fault_clips_mean,no_alarm_fault_clips_std,early_0.0_mean,early_0.0_std,early_0.2_mean,early_0.2_std,early_0.3_mean,early_0.3_std,early_0.5_mean,early_0.5_std,delay_mean_mean,delay_mean_std,delay_p90_mean,delay_p90_std,FN_warmup_mean,FN_warmup_std,FN_before_first_alarm_mean,FN_before_first_alarm_std,FN_after_first_alarm_mean,FN_after_first_alarm_std,FN_no_alarm_clip_mean,FN_no_alarm_clip_std
ConditionalCurrent,consecutive2,0.8285456430677934,0.010688079778222954,0.3333333333333333,0.5773502691896258,175.33333333333334,9.814954576223636,424.6666666666667,9.814954576223641,4089.6666666666665,0.5773502691896586,8.149959250203748e-05,0.00014116143500968845,0.2922222222222222,0.016358257627039442,0.3333333333333333,0.5773502691896258,1.0,0.0,0.0,0.0,0.0,0.0,0.8571428571428571,0.0,0.9047619047619048,0.0,0.31999999999999995,0.0,0.3100000000000001,0.0,42.0,0.0,24.0,0.0,108.33333333333333,9.81495457622364,1.0,0.0
ConditionalCurrent,consecutive3,0.7584657303836099,0.01692070133055443,0.0,0.0,233.33333333333334,13.279056191361391,366.6666666666667,13.279056191361397,4090.0,0.0,0.0,0.0,0.3888888888888889,0.022131760318935653,0.0,0.0,3.0,0.0,0.0,0.0,0.0,0.0,0.0,0.0,0.6666666666666666,0.0,0.47777777777777786,0.0,0.6999999999999998,0.0,42.0,0.0,50.0,0.0,136.33333333333334,13.279056191361391,5.0,0.0
ConditionalCurrent,hysteresis2,0.946945625518904,0.0005229196329511964,12.0,0.0,49.666666666666664,0.5773502691896263,550.3333333333334,0.577350269189634,4078.0,0.0,0.0029339853300733494,0.0,0.08277777777777777,0.0009622504486493795,5.333333333333333,1.1547005383792517,0.0,0.0,0.0,0.0,0.9047619047619048,0.0,1.0,0.0,1.0,0.0,0.20952380952380953,0.0,0.20000000000000004,0.0,42.0,0.0,2.0,0.0,5.666666666666667,0.5773502691896257,0.0,0.0
ConditionalCurrent,point,0.8974934332968149,0.005772664417195449,6.0,0.0,106.66666666666667,5.773502691896256,493.3333333333333,5.773502691896254,4084.0,0.0,0.0014669926650366747,0.0,0.17777777777777778,0.009622504486493762,5.333333333333333,1.1547005383792517,0.0,0.0,0.0,0.0,0.9047619047619048,0.0,1.0,0.0,1.0,0.0,0.20952380952380953,0.0,0.20000000000000004,0.0,42.0,0.0,2.0,0.0,62.666666666666664,5.773502691896258,0.0,0.0
JointConditional,consecutive2,0.8365277777777779,0.014554038035821896,0.6666666666666666,1.1547005383792517,168.0,13.856406460551018,432.0,13.856406460551018,4089.3333333333335,1.1547005383792186,0.00016299918500407496,0.0002823228700193769,0.28,0.023094010767585042,0.3333333333333333,0.5773502691896258,1.0,0.0,0.0,0.0,0.0,0.0,0.8095238095238096,0.0,0.9047619047619048,0.0,0.325,0.0,0.4000000000000001,0.0,42.0,0.0,25.0,0.0,100.0,13.856406460551018,1.0,0.0
JointConditional,consecutive3,0.7699167215574816,0.023278828012884126,0.3333333333333333,0.5773502691896258,224.0,19.05255888325765,376.0,19.05255888325765,4089.6666666666665,0.5773502691896586,8.149959250203748e-05,0.00014116143500968845,0.37333333333333335,0.031754264805429436,0.3333333333333333,0.5773502691896258,3.0,0.0,0.0,0.0,0.0,0.0,0.0,0.0,0.6666666666666666,0.0,0.47777777777777786,0.0,0.6999999999999998,0.0,42.0,0.0,50.0,0.0,127.0,19.05255888325765,5.0,0.0
JointConditional,hysteresis2,0.9465189684950271,0.003043028933552595,10.666666666666666,1.1547005383792515,51.333333333333336,2.3094010767585034,548.6666666666666,2.3094010767585114,4079.3333333333335,1.1547005383792186,0.0026079869600651993,0.000282322870019377,0.08555555555555555,0.00384900179459751,3.6666666666666665,0.5773502691896258,0.0,0.0,0.0,0.0,0.8571428571428571,0.0,1.0,0.0,1.0,0.0,0.21428571428571433,0.0,0.3,0.0,42.0,0.0,3.0,0.0,6.333333333333333,2.309401076758503,0.0,0.0
JointConditional,point,0.9038354016240558,0.006958602430673899,4.333333333333333,0.5773502691896257,101.66666666666667,7.505553499465134,498.3333333333333,7.5055534994651305,4085.6666666666665,0.5773502691896586,0.0010594947025264873,0.0001411614350096885,0.16944444444444443,0.01250925583244189,3.6666666666666665,0.5773502691896258,0.0,0.0,0.0,0.0,0.8571428571428571,0.0,1.0,0.0,1.0,0.0,0.21428571428571433,0.0,0.3,0.0,42.0,0.0,3.0,0.0,56.666666666666664,7.505553499465136,0.0,0.0
MoreComponents,consecutive2,0.8812407718341101,0.005484699805168688,7.666666666666667,1.5275252316519465,121.33333333333333,4.509249752822896,478.6666666666667,4.509249752822901,4082.3333333333335,1.527525231651959,0.0018744906275468623,0.0003734780517486421,0.20222222222222222,0.007515416254704817,1.3333333333333333,0.5773502691896258,1.0,0.0,0.0,0.0,0.0,0.0,0.8095238095238096,0.0,0.9365079365079364,0.027492869961410732,0.3216666666666666,0.0028867513459481554,0.4000000000000001,0.0,42.0,0.0,24.333333333333332,0.5773502691896263,54.0,4.0,1.0,0.0
MoreComponents,consecutive3,0.8408672068378985,0.007736675418126199,4.666666666666667,2.081665999466133,161.33333333333334,6.506407098647708,438.6666666666667,6.506407098647719,4085.3333333333335,2.0816659994661144,0.0011409942950285248,0.0005089647920455092,0.2688888888888889,0.010844011831079534,1.0,0.0,3.0,0.0,0.0,0.0,0.0,0.0,0.0,0.0,0.6507936507936508,0.027492869961410732,0.4796296296296297,0.012830005981991702,0.6999999999999998,0.0,42.0,0.0,50.333333333333336,2.309401076758502,64.0,4.58257569495584,5.0,0.0
MoreComponents,hysteresis2,0.9409137924902286,0.002574165673561974,21.333333333333332,3.214550253664318,48.0,0.0,552.0,0.0,4068.6666666666665,3.2145502536643598,0.005215973920130399,0.0007859536072528898,0.08,0.0,2.3333333333333335,0.5773502691896258,0.0,0.0,0.0,0.0,0.8571428571428571,0.0,0.9682539682539683,0.027492869961410763,1.0,0.0,0.2174603174603175,0.002749286996141065,0.3,0.0,42.0,0.0,3.6666666666666665,0.5773502691896257,2.3333333333333335,0.5773502691896257,0.0,0.0
MoreComponents,point,0.9220385635390599,0.0014471792606084043,13.0,0.0,75.66666666666667,1.5275252316519452,524.3333333333334,1.527525231651959,4077.0,0.0,0.003178484107579462,0.0,0.12611111111111112,0.0025458753860865767,2.3333333333333335,0.5773502691896258,0.0,0.0,0.0,0.0,0.8571428571428571,0.0,0.9682539682539683,0.027492869961410763,1.0,0.0,0.2174603174603175,0.002749286996141065,0.3,0.0,42.0,0.0,3.6666666666666665,0.5773502691896257,30.0,2.0,0.0,0.0
MoreNormalCoverage,consecutive2,0.8731774974564361,0.0007420980327171089,5.666666666666667,0.5773502691896257,130.66666666666666,1.1547005383792495,469.3333333333333,1.1547005383792557,4084.3333333333335,0.5773502691896586,0.0013854930725346372,0.0001411614350096885,0.21777777777777776,0.0019245008972987368,1.0,0.0,1.0,0.0,0.0,0.0,0.0,0.0,0.8095238095238096,0.0,0.9047619047619048,0.0,0.325,0.0,0.4000000000000001,0.0,42.0,0.0,25.0,0.0,62.666666666666664,1.154700538379251,1.0,0.0
MoreNormalCoverage,consecutive3,0.8301024132432323,0.0008454136969308269,3.6666666666666665,0.5773502691896258,171.66666666666666,1.1547005383792495,428.3333333333333,1.1547005383792557,4086.3333333333335,0.5773502691896586,0.0008964955175224124,0.00014116143500968837,0.2861111111111111,0.001924500897298749,1.0,0.0,3.0,0.0,0.0,0.0,0.0,0.0,0.0,0.0,0.7142857142857143,0.0,0.4611111111111111,0.0,0.6999999999999998,0.0,42.0,0.0,47.0,0.0,77.66666666666667,1.1547005383792526,5.0,0.0
MoreNormalCoverage,hysteresis2,0.9403720820002369,0.0038585798296356497,16.0,3.4641016151377544,53.333333333333336,1.154700538379251,546.6666666666666,1.1547005383792432,4074.0,3.4641016151377544,0.0039119804400978,0.0008469686100581306,0.08888888888888889,0.0019245008972987479,2.3333333333333335,1.1547005383792515,0.0,0.0,0.0,0.0,0.8571428571428571,0.0,0.9682539682539683,0.027492869961410787,1.0,0.0,0.22063492063492066,0.00549857399228213,0.3,0.0,42.0,0.0,4.333333333333333,1.1547005383792517,7.0,0.0,0.0,0.0
MoreNormalCoverage,point,0.9184411612470836,0.0014115232963997203,10.0,1.7320508075688772,82.0,0.0,518.0,0.0,4080.0,1.7320508075688772,0.0024449877750611247,0.0004234843050290655,0.13666666666666666,0.0,2.3333333333333335,1.1547005383792515,0.0,0.0,0.0,0.0,0.8571428571428571,0.0,0.9682539682539683,0.027492869961410787,1.0,0.0,0.22063492063492066,0.00549857399228213,0.3,0.0,42.0,0.0,4.333333333333333,1.1547005383792517,35.666666666666664,1.154700538379251,0.0,0.0
Original,consecutive2,0.8696656194565103,0.002709950165333651,5.666666666666667,1.1547005383792517,134.0,3.4641016151377544,466.0,3.4641016151377544,4084.3333333333335,1.1547005383792186,0.0013854930725346372,0.00028232287001937696,0.2233333333333333,0.005773502691896238,1.3333333333333333,0.5773502691896257,1.0,0.0,0.0,0.0,0.0,0.0,0.8095238095238096,0.0,0.9047619047619048,0.0,0.325,0.0,0.4000000000000001,0.0,42.0,0.0,25.0,0.0,66.0,3.4641016151377544,1.0,0.0
Original,consecutive3,0.8253088662790699,0.005271048515039801,3.0,0.0,176.33333333333334,4.618802153517004,423.6666666666667,4.61880215351701,4087.0,0.0,0.0007334963325183373,0.0,0.29388888888888887,0.007698003589195048,1.0,0.0,3.0,0.0,0.0,0.0,0.0,0.0,0.0,0.0,0.6825396825396824,0.027492869961410787,0.4722222222222223,0.009622504486493797,0.6999999999999998,0.0,42.0,0.0,49.0,1.7320508075688772,80.33333333333333,2.88675134594813,5.0,0.0
Original,hysteresis2,0.941247269888875,0.003384612689597487,15.666666666666666,2.8867513459481287,52.666666666666664,1.154700538379251,547.3333333333334,1.1547005383792432,4074.3333333333335,2.886751345948096,0.0038304808475957616,0.000705807175048442,0.08777777777777777,0.0019245008972987479,2.0,0.0,0.0,0.0,0.0,0.0,0.8571428571428571,0.0,0.9841269841269842,0.027492869961410787,1.0,0.0,0.2174603174603175,0.00549857399228213,0.3,0.0,42.0,0.0,3.6666666666666665,1.1547005383792515,7.0,0.0,0.0,0.0
Original,point,0.9171602753195675,0.0002997452724996524,10.0,1.7320508075688772,83.33333333333333,1.1547005383792526,516.6666666666666,1.1547005383792432,4080.0,1.7320508075688772,0.0024449877750611247,0.0004234843050290655,0.1388888888888889,0.0019245008972987648,2.0,0.0,0.0,0.0,0.0,0.0,0.8571428571428571,0.0,0.9841269841269842,0.027492869961410787,1.0,0.0,0.2174603174603175,0.00549857399228213,0.3,0.0,42.0,0.0,3.6666666666666665,1.1547005383792515,37.666666666666664,2.3094010767585034,0.0,0.0
StartupConditional,consecutive2,0.8450564728934095,0.011642024772631654,0.3333333333333333,0.5773502691896258,160.66666666666666,10.969655114602892,439.3333333333333,10.969655114602885,4089.6666666666665,0.5773502691896586,8.149959250203748e-05,0.00014116143500968845,0.2677777777777778,0.018282758524338128,0.3333333333333333,0.5773502691896258,0.0,0.0,0.0,0.0,0.42857142857142855,0.0,0.9047619047619048,0.0,0.9523809523809522,0.0,0.24920634920634913,0.00549857399228213,0.3,0.0,0.0,0.0,52.333333333333336,1.154700538379251,108.33333333333333,9.81495457622364,0.0,0.0
StartupConditional,consecutive3,0.7757511216777906,0.01787307196867229,0.0,0.0,219.66666666666666,14.433756729740647,380.3333333333333,14.43375672974064,4090.0,0.0,0.0,0.0,0.3661111111111111,0.024056261216234432,0.0,0.0,0.6666666666666666,0.5773502691896258,0.0,0.0,0.2698412698412698,0.0549857399228215,0.3968253968253968,0.027492869961410763,0.8253968253968255,0.027492869961410676,0.38539682539682546,0.007972932288809128,0.6999999999999998,0.0,0.0,0.0,78.33333333333333,0.5773502691896247,139.33333333333334,13.279056191361391,2.0,1.7320508075688772
StartupConditional,hysteresis2,0.959074689025778,0.0012703904973162474,14.666666666666666,1.1547005383792515,33.666666666666664,0.5773502691896263,566.3333333333334,0.577350269189634,4075.3333333333335,1.1547005383792186,0.003585982070089649,0.00028232287001937674,0.05611111111111111,0.0009622504486493739,5.333333333333333,1.1547005383792517,0.0,0.0,0.30158730158730157,0.027492869961410763,0.9047619047619048,0.0,1.0,0.0,1.0,0.0,0.13333333333333336,0.0,0.20000000000000004,0.0,0.0,0.0,28.0,0.0,5.666666666666667,0.5773502691896257,0.0,0.0
StartupConditional,point,0.9118379383759244,0.006173993970702662,7.0,0.0,91.33333333333333,6.350852961085884,508.6666666666667,6.350852961085888,4083.0,0.0,0.0017114914425427872,0.0,0.15222222222222223,0.010584754935143124,5.333333333333333,1.1547005383792517,0.0,0.0,0.30158730158730157,0.027492869961410763,0.9047619047619048,0.0,1.0,0.0,1.0,0.0,0.13333333333333336,0.0,0.20000000000000004,0.0,0.0,0.0,28.0,0.0,63.333333333333336,6.350852961085883,0.0,0.0
StartupJointConditional,consecutive2,0.8539304201276033,0.013469421231365101,0.6666666666666666,1.1547005383792517,152.33333333333334,13.279056191361391,447.6666666666667,13.279056191361397,4089.3333333333335,1.1547005383792186,0.00016299918500407496,0.0002823228700193769,0.2538888888888889,0.022131760318935653,0.3333333333333333,0.5773502691896258,0.0,0.0,0.0,0.0,0.41269841269841273,0.027492869961410732,0.8571428571428571,0.0,0.9523809523809522,0.0,0.2492063492063492,0.002749286996141065,0.4000000000000001,0.0,0.0,0.0,52.333333333333336,0.5773502691896263,100.0,13.856406460551018,0.0,0.0
StartupJointConditional,consecutive3,0.78814862568917,0.021890388351731096,0.3333333333333333,0.5773502691896258,209.33333333333334,18.475208614068023,390.6666666666667,18.475208614068027,4089.6666666666665,0.5773502691896586,8.149959250203748e-05,0.00014116143500968845,0.34888888888888886,0.030792014356780036,0.3333333333333333,0.5773502691896258,0.6666666666666666,0.5773502691896258,0.0,0.0,0.3333333333333333,0.0,0.38095238095238093,0.0,0.8095238095238096,0.0,0.38507936507936513,0.008797718387651412,0.6999999999999998,0.0,0.0,0.0,78.33333333333333,4.04145188432738,129.0,20.784609690826528,2.0,1.7320508075688772
StartupJointConditional,hysteresis2,0.9584867750685285,0.0014467107306434435,14.666666666666666,1.1547005383792515,34.333333333333336,0.5773502691896263,565.6666666666666,0.577350269189634,4075.3333333333335,1.1547005383792186,0.0035859820700896495,0.0002823228700193766,0.05722222222222222,0.0009622504486493755,3.6666666666666665,0.5773502691896258,0.0,0.0,0.36507936507936506,0.0549857399228215,0.8571428571428571,0.0,1.0,0.0,1.0,0.0,0.13333333333333333,0.00824786098842323,0.3,0.0,0.0,0.0,28.0,1.7320508075688772,6.333333333333333,2.309401076758503,0.0,0.0
StartupJointConditional,point,0.9190100136248792,0.0072950643164402,5.333333333333333,0.5773502691896257,85.33333333333333,8.082903768654761,514.6666666666666,8.082903768654752,4084.6666666666665,0.5773502691896586,0.0013039934800325996,0.0001411614350096885,0.14222222222222222,0.013471506281091259,3.6666666666666665,0.5773502691896258,0.0,0.0,0.36507936507936506,0.0549857399228215,0.8571428571428571,0.0,1.0,0.0,1.0,0.0,0.13333333333333333,0.00824786098842323,0.3,0.0,0.0,0.0,28.0,1.7320508075688772,57.333333333333336,6.350852961085883,0.0,0.0
StartupMarginal,consecutive2,0.8934154734154734,0.002553184007605108,5.666666666666667,1.1547005383792517,111.0,3.4641016151377544,489.0,3.4641016151377544,4084.3333333333335,1.1547005383792186,0.0013854930725346372,0.00028232287001937696,0.18499999999999997,0.005773502691896238,1.3333333333333333,0.5773502691896257,0.0,0.0,0.0,0.0,0.5714285714285714,0.0,0.8571428571428571,0.0,0.9523809523809522,0.0,0.21428571428571433,0.0,0.4000000000000001,0.0,0.0,0.0,45.0,0.0,66.0,3.4641016151377544,0.0,0.0
StartupMarginal,consecutive3,0.849953378008207,0.005052477312270811,3.0,0.0,154.33333333333334,4.618802153517004,445.6666666666667,4.61880215351701,4087.0,0.0,0.0007334963325183373,0.0,0.2572222222222222,0.007698003589194998,1.0,0.0,0.0,0.0,0.0,0.0,0.5238095238095238,0.0,0.5714285714285714,0.0,0.8571428571428571,0.0,0.3428571428571428,0.0,0.6999999999999998,0.0,0.0,0.0,72.0,0.0,82.33333333333333,4.618802153517007,0.0,0.0
StartupMarginal,hysteresis2,0.9617795394166703,0.003348990821152708,15.666666666666666,2.8867513459481287,29.666666666666668,1.1547005383792517,570.3333333333334,1.1547005383792432,4074.3333333333335,2.886751345948096,0.0038304808475957616,0.000705807175048442,0.04944444444444444,0.001924500897298755,2.0,0.0,0.0,0.0,0.5238095238095238,0.0,0.8571428571428571,0.0,0.9841269841269842,0.027492869961410787,1.0,0.0,0.10793650793650793,0.005498573992282159,0.3,0.0,0.0,0.0,22.666666666666668,1.1547005383792517,7.0,0.0,0.0,0.0
StartupMarginal,point,0.9388234298648276,0.0003480735868657738,10.0,1.7320508075688772,60.333333333333336,1.154700538379251,539.6666666666666,1.1547005383792432,4080.0,1.7320508075688772,0.0024449877750611247,0.0004234843050290655,0.10055555555555555,0.001924500897298751,2.0,0.0,0.0,0.0,0.5238095238095238,0.0,0.8571428571428571,0.0,0.9841269841269842,0.027492869961410787,1.0,0.0,0.10793650793650793,0.005498573992282159,0.3,0.0,0.0,0.0,22.666666666666668,1.1547005383792517,37.666666666666664,2.3094010767585034,0.0,0.0
