sensors,seed,K,F1,FAR,miss,early_0.5,TP,FP,TN,FN,threshold,input,fault_0004_alarm_rate,fault_0020_alarm_rate,fault_0021_alarm_rate
"AI0_Vibration,AI1_Vibration,AI2_Current",0,4,0.9168141592920354,0.00293398533007335,0.13666666666666666,1.0,518,12,4078,82,15.002825712320602,all_sensors,0.7741935483870968,0.8,0.5333333333333333
"AI0_Vibration,AI1_Vibration,AI2_Current",1,4,0.9173333333333333,0.002200488997555012,0.14,1.0,516,9,4081,84,15.522095561851518,all_sensors,0.8064516129032258,0.8,0.5333333333333333
"AI0_Vibration,AI1_Vibration,AI2_Current",2,4,0.9173333333333333,0.002200488997555012,0.14,1.0,516,9,4081,84,15.416438312903182,all_sensors,0.8064516129032258,0.8,0.5333333333333333
"AI0_Vibration,AI1_Vibration",0,4,0.734229576008273,0.00293398533007335,0.4083333333333333,0.7619047619047619,355,12,4078,245,13.915829141721051,vibration_only,0.0,0.0,0.0
"AI0_Vibration,AI1_Vibration",1,4,0.7446153846153846,0.00293398533007335,0.395,0.7619047619047619,363,12,4078,237,13.920513655865399,vibration_only,0.0,0.0,0.0
"AI0_Vibration,AI1_Vibration",2,4,0.734229576008273,0.00293398533007335,0.4083333333333333,0.7619047619047619,355,12,4078,245,13.951760618612683,vibration_only,0.0,0.0,0.0
AI2_Current,0,4,0.8988149498632635,0.0009779951100244498,0.17833333333333334,0.9523809523809523,493,4,4086,107,3.053218866053567,current_only,0.8387096774193549,0.8,0.5333333333333333
AI2_Current,1,4,0.8988149498632635,0.0009779951100244498,0.17833333333333334,0.9523809523809523,493,4,4086,107,3.0534443051806583,current_only,0.8387096774193549,0.8,0.5333333333333333
AI2_Current,2,4,0.8981818181818182,0.001466992665036675,0.17666666666666667,0.9523809523809523,494,6,4084,106,3.180572544876844,current_only,0.8709677419354839,0.8,0.5333333333333333
