seed,mode,timestamps,TP,FP,TN,FN,F1,precision,recall,false_alarm_rate,miss_rate,normal_alarm_clips,fault_clips,fault_detected_clips,delay_mean_s,delay_p90_s,detected_by_0.2s,detected_by_0.5s,window,input,condition,K
0,original,4690,305,7,4083,295,0.668859649122807,0.9775641025641024,0.5083333333333333,0.0017114914425427,0.4916666666666666,2,21,19,0.3526315789473684,0.92,0.6190476190476191,0.7142857142857143,1,all_sensors,original,4
0,startup,4690,316,7,4083,284,0.6847237269772481,0.978328173374613,0.5266666666666666,0.0017114914425427,0.4733333333333333,2,21,19,0.2947368421052632,0.92,0.6190476190476191,0.7142857142857143,1,all_sensors,original,4
0,original,4690,518,12,4078,82,0.9168141592920354,0.9773584905660376,0.8633333333333333,0.0029339853300733,0.1366666666666666,2,21,21,0.2238095238095238,0.3,0.8571428571428571,1.0,2,all_sensors,original,4
0,startup,4690,541,12,4078,59,0.9384215091066782,0.9783001808318263,0.9016666666666666,0.0029339853300733,0.0983333333333333,2,21,21,0.1142857142857142,0.3,0.8571428571428571,1.0,2,all_sensors,original,4
0,original,4690,529,11,4079,71,0.9280701754385964,0.9796296296296296,0.8816666666666667,0.0026894865525672,0.1183333333333333,2,21,20,0.305,0.3,0.0,0.9523809523809524,3,all_sensors,original,4
0,startup,4690,570,11,4079,30,0.9652836579170194,0.9810671256454389,0.95,0.0026894865525672,0.05,2,21,21,0.1095238095238095,0.3,0.8571428571428571,1.0,3,all_sensors,original,4
0,original,4690,499,18,4072,101,0.8934646374216652,0.965183752417795,0.8316666666666667,0.00440097799511,0.1683333333333333,1,21,18,0.5,0.5,0.0,0.8571428571428571,5,all_sensors,original,4
0,startup,4690,577,20,4070,23,0.9640768588137008,0.966499162479062,0.9616666666666668,0.0048899755501222,0.0383333333333333,2,21,21,0.1095238095238095,0.3,0.8571428571428571,1.0,5,all_sensors,original,4
0,original,4690,445,17,4073,155,0.8380414312617702,0.9632034632034632,0.7416666666666667,0.0041564792176039,0.2583333333333333,1,21,17,0.8,0.8,0.0,0.0,8,all_sensors,original,4
0,startup,4690,577,21,4069,23,0.963272120200334,0.9648829431438128,0.9616666666666668,0.0051344743276283,0.0383333333333333,1,21,21,0.1095238095238095,0.3,0.8571428571428571,1.0,8,all_sensors,original,4
0,original,4690,411,17,4073,189,0.7996108949416343,0.9602803738317756,0.685,0.0041564792176039,0.315,1,21,16,1.0,1.0,0.0,0.0,10,all_sensors,original,4
0,startup,4690,577,23,4067,23,0.9616666666666668,0.9616666666666668,0.9616666666666668,0.0056234718826405,0.0383333333333333,1,21,21,0.1095238095238095,0.3,0.8571428571428571,1.0,10,all_sensors,original,4
0,original,4690,331,21,4069,269,0.6953781512605042,0.9403409090909092,0.5516666666666666,0.0051344743276283,0.4483333333333333,1,21,14,1.5,1.5,0.0,0.0,15,all_sensors,original,4
0,startup,4690,577,34,4056,23,0.9529314616019818,0.944353518821604,0.9616666666666668,0.0083129584352078,0.0383333333333333,1,21,21,0.1095238095238095,0.3,0.8571428571428571,1.0,15,all_sensors,original,4
0,original,4690,263,0,4090,337,0.6095017381228274,1.0,0.4383333333333333,0.0,0.5616666666666666,0,21,13,2.0,2.0,0.0,0.0,20,all_sensors,original,4
0,startup,4690,578,11,4079,22,0.9722455845248108,0.9813242784380306,0.9633333333333334,0.0026894865525672,0.0366666666666666,1,21,21,0.1047619047619047,0.3,0.8571428571428571,1.0,20,all_sensors,original,4
0,original,4690,146,0,4090,454,0.3914209115281501,1.0,0.2433333333333333,0.0,0.7566666666666667,0,21,10,3.0,3.0,0.0,0.0,30,all_sensors,original,2
0,startup,4690,577,15,4075,23,0.9681208053691276,0.9746621621621622,0.9616666666666668,0.0036674816625916,0.0383333333333333,1,21,21,0.1095238095238095,0.3,0.8571428571428571,1.0,30,all_sensors,original,2
0,original,4690,355,12,4078,245,0.734229576008273,0.9673024523160764,0.5916666666666667,0.0029339853300733,0.4083333333333333,1,21,18,0.3444444444444445,0.4800000000000004,0.7142857142857143,0.7619047619047619,2,vibration_only,original,4
0,startup,4690,378,13,4077,222,0.7628657921291625,0.9667519181585678,0.63,0.0031784841075794,0.37,1,21,18,0.2166666666666666,0.4800000000000004,0.7142857142857143,0.7619047619047619,2,vibration_only,original,4
0,original,4690,493,4,4086,107,0.8988149498632635,0.9919517102615694,0.8216666666666667,0.0009779951100244,0.1783333333333333,3,21,20,0.22,0.3,0.7619047619047619,0.9523809523809524,2,current_only,original,4
0,startup,4690,502,4,4086,98,0.9077757685352622,0.9920948616600792,0.8366666666666667,0.0009779951100244,0.1633333333333333,3,21,20,0.175,0.3,0.7619047619047619,0.9523809523809524,2,current_only,original,4
0,original,4690,517,12,4078,83,0.9158547387068202,0.9773156899810964,0.8616666666666667,0.0029339853300733,0.1383333333333333,2,21,21,0.2238095238095238,0.3,0.8571428571428571,1.0,2,all_sensors,normal_rounded,4
0,startup,4690,540,12,4078,60,0.9375,0.9782608695652174,0.9,0.0029339853300733,0.1,2,21,21,0.1142857142857142,0.3,0.8571428571428571,1.0,2,all_sensors,normal_rounded,4
0,original,4690,518,12,4078,82,0.9168141592920354,0.9773584905660376,0.8633333333333333,0.0029339853300733,0.1366666666666666,2,21,21,0.2238095238095238,0.3,0.8571428571428571,1.0,2,all_sensors,fault_jittered,4
0,startup,4690,541,12,4078,59,0.9384215091066782,0.9783001808318263,0.9016666666666666,0.0029339853300733,0.0983333333333333,2,21,21,0.1142857142857142,0.3,0.8571428571428571,1.0,2,all_sensors,fault_jittered,4
0,original,4690,481,11,4079,119,0.8809523809523809,0.9776422764227642,0.8016666666666666,0.0026894865525672,0.1983333333333333,1,21,21,0.2333333333333333,0.3,0.8095238095238095,0.9523809523809524,2,all_sensors,level_removed,4
0,startup,4690,504,13,4077,96,0.9024171888988362,0.9748549323017408,0.84,0.0031784841075794,0.16,1,21,21,0.1238095238095238,0.3,0.8095238095238095,0.9523809523809524,2,all_sensors,level_removed,4
1,original,4690,303,9,4081,297,0.6644736842105263,0.971153846153846,0.505,0.002200488997555,0.495,3,21,19,0.3526315789473684,0.92,0.6190476190476191,0.7142857142857143,1,all_sensors,original,4
1,startup,4690,314,9,4081,286,0.6803900325027086,0.9721362229102168,0.5233333333333333,0.002200488997555,0.4766666666666667,3,21,19,0.2947368421052632,0.92,0.6190476190476191,0.7142857142857143,1,all_sensors,original,4
1,original,4690,516,9,4081,84,0.9173333333333332,0.9828571428571428,0.86,0.002200488997555,0.14,2,21,21,0.2142857142857143,0.3,0.8571428571428571,1.0,2,all_sensors,original,4
1,startup,4690,539,9,4081,61,0.9390243902439024,0.9835766423357664,0.8983333333333333,0.002200488997555,0.1016666666666666,2,21,21,0.1047619047619047,0.3,0.8571428571428571,1.0,2,all_sensors,original,4
1,original,4690,528,12,4078,72,0.9263157894736842,0.9777777777777776,0.88,0.0029339853300733,0.12,1,21,20,0.305,0.3,0.0,0.9523809523809524,3,all_sensors,original,4
1,startup,4690,570,13,4077,30,0.9636517328825022,0.9777015437392796,0.95,0.0031784841075794,0.05,1,21,21,0.1047619047619047,0.3,0.8571428571428571,1.0,3,all_sensors,original,4
1,original,4690,499,18,4072,101,0.8934646374216652,0.965183752417795,0.8316666666666667,0.00440097799511,0.1683333333333333,1,21,18,0.5,0.5,0.0,0.8571428571428571,5,all_sensors,original,4
1,startup,4690,577,19,4071,23,0.9648829431438128,0.9681208053691276,0.9616666666666668,0.0046454767726161,0.0383333333333333,1,21,21,0.1095238095238095,0.3,0.8571428571428571,1.0,5,all_sensors,original,4
1,original,4690,445,15,4075,155,0.839622641509434,0.967391304347826,0.7416666666666667,0.0036674816625916,0.2583333333333333,1,21,17,0.8,0.8,0.0,0.0,8,all_sensors,original,4
1,startup,4690,579,18,4072,21,0.9674185463659148,0.9698492462311558,0.965,0.00440097799511,0.035,1,21,21,0.1,0.3,0.8571428571428571,1.0,8,all_sensors,original,4
1,original,4690,411,19,4071,189,0.7980582524271844,0.955813953488372,0.685,0.0046454767726161,0.315,1,21,16,1.0,1.0,0.0,0.0,10,all_sensors,original,4
1,startup,4690,578,24,4066,22,0.961730449251248,0.9601328903654484,0.9633333333333334,0.0058679706601467,0.0366666666666666,1,21,21,0.1047619047619047,0.3,0.8571428571428571,1.0,10,all_sensors,original,4
1,original,4690,331,21,4069,269,0.6953781512605042,0.9403409090909092,0.5516666666666666,0.0051344743276283,0.4483333333333333,1,21,14,1.5,1.5,0.0,0.0,15,all_sensors,original,4
1,startup,4690,577,33,4057,23,0.9537190082644628,0.9459016393442624,0.9616666666666668,0.0080684596577017,0.0383333333333333,1,21,21,0.1095238095238095,0.3,0.8571428571428571,1.0,15,all_sensors,original,4
1,original,4690,263,17,4073,337,0.5977272727272728,0.9392857142857144,0.4383333333333333,0.0041564792176039,0.5616666666666666,1,21,13,2.0,2.0,0.0,0.0,20,all_sensors,original,2
1,startup,4690,577,34,4056,23,0.9529314616019818,0.944353518821604,0.9616666666666668,0.0083129584352078,0.0383333333333333,1,21,21,0.1095238095238095,0.3,0.8571428571428571,1.0,20,all_sensors,original,2
1,original,4690,146,0,4090,454,0.3914209115281501,1.0,0.2433333333333333,0.0,0.7566666666666667,0,21,10,3.0,3.0,0.0,0.0,30,all_sensors,original,1
1,startup,4690,577,20,4070,23,0.9640768588137008,0.966499162479062,0.9616666666666668,0.0048899755501222,0.0383333333333333,1,21,21,0.1095238095238095,0.3,0.8571428571428571,1.0,30,all_sensors,original,1
1,original,4690,363,12,4078,237,0.7446153846153846,0.968,0.605,0.0029339853300733,0.395,2,21,18,0.3388888888888889,0.4100000000000005,0.7619047619047619,0.7619047619047619,2,vibration_only,original,4
1,startup,4690,386,12,4078,214,0.7735470941883767,0.9698492462311558,0.6433333333333333,0.0029339853300733,0.3566666666666667,2,21,18,0.2111111111111111,0.4100000000000005,0.7619047619047619,0.7619047619047619,2,vibration_only,original,4
1,original,4690,493,4,4086,107,0.8988149498632635,0.9919517102615694,0.8216666666666667,0.0009779951100244,0.1783333333333333,3,21,20,0.22,0.3,0.7619047619047619,0.9523809523809524,2,current_only,original,4
1,startup,4690,502,4,4086,98,0.9077757685352622,0.9920948616600792,0.8366666666666667,0.0009779951100244,0.1633333333333333,3,21,20,0.175,0.3,0.7619047619047619,0.9523809523809524,2,current_only,original,4
1,original,4690,516,9,4081,84,0.9173333333333332,0.9828571428571428,0.86,0.002200488997555,0.14,2,21,21,0.2142857142857143,0.3,0.8571428571428571,1.0,2,all_sensors,normal_rounded,4
1,startup,4690,539,9,4081,61,0.9390243902439024,0.9835766423357664,0.8983333333333333,0.002200488997555,0.1016666666666666,2,21,21,0.1047619047619047,0.3,0.8571428571428571,1.0,2,all_sensors,normal_rounded,4
1,original,4690,516,9,4081,84,0.9173333333333332,0.9828571428571428,0.86,0.002200488997555,0.14,2,21,21,0.2142857142857143,0.3,0.8571428571428571,1.0,2,all_sensors,fault_jittered,4
1,startup,4690,539,9,4081,61,0.9390243902439024,0.9835766423357664,0.8983333333333333,0.002200488997555,0.1016666666666666,2,21,21,0.1047619047619047,0.3,0.8571428571428571,1.0,2,all_sensors,fault_jittered,4
1,original,4690,481,11,4079,119,0.8809523809523809,0.9776422764227642,0.8016666666666666,0.0026894865525672,0.1983333333333333,1,21,21,0.2333333333333333,0.3,0.8095238095238095,0.9523809523809524,2,all_sensors,level_removed,4
1,startup,4690,504,13,4077,96,0.9024171888988362,0.9748549323017408,0.84,0.0031784841075794,0.16,1,21,21,0.1238095238095238,0.3,0.8095238095238095,0.9523809523809524,2,all_sensors,level_removed,4
2,original,4690,301,8,4082,299,0.6622662266226622,0.9741100323624596,0.5016666666666667,0.0019559902200488,0.4983333333333333,3,21,19,0.3526315789473684,0.92,0.6190476190476191,0.7142857142857143,1,all_sensors,original,4
2,startup,4690,312,8,4082,288,0.6782608695652174,0.975,0.52,0.0019559902200488,0.48,3,21,19,0.2947368421052632,0.92,0.6190476190476191,0.7142857142857143,1,all_sensors,original,4
2,original,4690,516,9,4081,84,0.9173333333333332,0.9828571428571428,0.86,0.002200488997555,0.14,2,21,21,0.2142857142857143,0.3,0.8571428571428571,1.0,2,all_sensors,original,4
2,startup,4690,539,9,4081,61,0.9390243902439024,0.9835766423357664,0.8983333333333333,0.002200488997555,0.1016666666666666,2,21,21,0.1047619047619047,0.3,0.8571428571428571,1.0,2,all_sensors,original,4
2,original,4690,530,11,4079,70,0.9290096406660824,0.9796672828096118,0.8833333333333333,0.0026894865525672,0.1166666666666666,1,21,20,0.305,0.3,0.0,0.9523809523809524,3,all_sensors,original,4
2,startup,4690,571,11,4079,29,0.9661590524534688,0.9810996563573884,0.9516666666666668,0.0026894865525672,0.0483333333333333,1,21,21,0.1095238095238095,0.3,0.8571428571428571,1.0,3,all_sensors,original,4
2,original,4690,499,19,4071,101,0.8926654740608229,0.9633204633204632,0.8316666666666667,0.0046454767726161,0.1683333333333333,1,21,18,0.5,0.5,0.0,0.8571428571428571,5,all_sensors,original,4
2,startup,4690,577,21,4069,23,0.963272120200334,0.9648829431438128,0.9616666666666668,0.0051344743276283,0.0383333333333333,1,21,21,0.1095238095238095,0.3,0.8571428571428571,1.0,5,all_sensors,original,4
2,original,4690,445,17,4073,155,0.8380414312617702,0.9632034632034632,0.7416666666666667,0.0041564792176039,0.2583333333333333,1,21,17,0.8,0.8,0.0,0.0,8,all_sensors,original,4
2,startup,4690,577,20,4070,23,0.9640768588137008,0.966499162479062,0.9616666666666668,0.0048899755501222,0.0383333333333333,1,21,21,0.1095238095238095,0.3,0.8571428571428571,1.0,8,all_sensors,original,4
2,original,4690,411,16,4074,189,0.8003894839337877,0.9625292740046838,0.685,0.0039119804400977,0.315,1,21,16,1.0,1.0,0.0,0.0,10,all_sensors,original,4
2,startup,4690,579,22,4068,21,0.964196502914238,0.9633943427620631,0.965,0.0053789731051344,0.035,1,21,21,0.1,0.3,0.8571428571428571,1.0,10,all_sensors,original,4
2,original,4690,331,20,4070,269,0.6961093585699264,0.9430199430199432,0.5516666666666666,0.0048899755501222,0.4483333333333333,1,21,14,1.5,1.5,0.0,0.0,15,all_sensors,original,4
2,startup,4690,577,32,4058,23,0.9545078577336642,0.947454844006568,0.9616666666666668,0.0078239608801955,0.0383333333333333,1,21,21,0.1095238095238095,0.3,0.8571428571428571,1.0,15,all_sensors,original,4
2,original,4690,263,0,4090,337,0.6095017381228274,1.0,0.4383333333333333,0.0,0.5616666666666666,0,21,13,2.0,2.0,0.0,0.0,20,all_sensors,original,4
2,startup,4690,577,11,4079,23,0.9713804713804712,0.9812925170068028,0.9616666666666668,0.0026894865525672,0.0383333333333333,1,21,21,0.1095238095238095,0.3,0.8571428571428571,1.0,20,all_sensors,original,4
2,original,4690,146,0,4090,454,0.3914209115281501,1.0,0.2433333333333333,0.0,0.7566666666666667,0,21,10,3.0,3.0,0.0,0.0,30,all_sensors,original,1
2,startup,4690,577,20,4070,23,0.9640768588137008,0.966499162479062,0.9616666666666668,0.0048899755501222,0.0383333333333333,1,21,21,0.1095238095238095,0.3,0.8571428571428571,1.0,30,all_sensors,original,1
2,original,4690,355,12,4078,245,0.734229576008273,0.9673024523160764,0.5916666666666667,0.0029339853300733,0.4083333333333333,1,21,18,0.3444444444444445,0.4800000000000004,0.7142857142857143,0.7619047619047619,2,vibration_only,original,4
2,startup,4690,378,13,4077,222,0.7628657921291625,0.9667519181585678,0.63,0.0031784841075794,0.37,1,21,18,0.2166666666666666,0.4800000000000004,0.7142857142857143,0.7619047619047619,2,vibration_only,original,4
2,original,4690,494,6,4084,106,0.8981818181818182,0.988,0.8233333333333334,0.0014669926650366,0.1766666666666666,4,21,20,0.22,0.3,0.7619047619047619,0.9523809523809524,2,current_only,original,4
2,startup,4690,503,6,4084,97,0.9071235347159604,0.988212180746562,0.8383333333333334,0.0014669926650366,0.1616666666666666,4,21,20,0.175,0.3,0.7619047619047619,0.9523809523809524,2,current_only,original,4
2,original,4690,516,9,4081,84,0.9173333333333332,0.9828571428571428,0.86,0.002200488997555,0.14,2,21,21,0.2142857142857143,0.3,0.8571428571428571,1.0,2,all_sensors,normal_rounded,4
2,startup,4690,539,9,4081,61,0.9390243902439024,0.9835766423357664,0.8983333333333333,0.002200488997555,0.1016666666666666,2,21,21,0.1047619047619047,0.3,0.8571428571428571,1.0,2,all_sensors,normal_rounded,4
2,original,4690,516,9,4081,84,0.9173333333333332,0.9828571428571428,0.86,0.002200488997555,0.14,2,21,21,0.2142857142857143,0.3,0.8571428571428571,1.0,2,all_sensors,fault_jittered,4
2,startup,4690,539,9,4081,61,0.9390243902439024,0.9835766423357664,0.8983333333333333,0.002200488997555,0.1016666666666666,2,21,21,0.1047619047619047,0.3,0.8571428571428571,1.0,2,all_sensors,fault_jittered,4
2,original,4690,481,11,4079,119,0.8809523809523809,0.9776422764227642,0.8016666666666666,0.0026894865525672,0.1983333333333333,1,21,21,0.2333333333333333,0.3,0.8095238095238095,0.9523809523809524,2,all_sensors,level_removed,4
2,startup,4690,504,13,4077,96,0.9024171888988362,0.9748549323017408,0.84,0.0031784841075794,0.16,1,21,21,0.1238095238095238,0.3,0.8095238095238095,0.9523809523809524,2,all_sensors,level_removed,4
