condition,method,seed,F1,TP,FP,TN,FN
original,GMM,0,0.9168141592920354,518,12,4078,82
original,GMM,1,0.9173333333333333,516,9,4081,84
original,GMM,2,0.9173333333333333,516,9,4081,84
original,Mahalanobis,0,0.8947368421052632,493,9,4081,107
original,LOF20,0,0.7423312883435583,363,15,4075,237
original,PCA_Recon,0,0.6832432432432433,316,9,4081,284
original,KDE,0,0.6695842450765864,306,8,4082,294
original,kNN20,0,0.6390134529147982,285,7,4083,315
original,OCSVM,0,0.6123853211009175,267,5,4085,333
original,IsolationForest,0,0.5062034739454094,204,2,4088,396
original,IsolationForest,1,0.5,201,3,4087,399
original,IsolationForest,2,0.4893350062735257,195,2,4088,405
normal_rounded,GMM,0,0.9158547387068202,517,12,4078,83
normal_rounded,GMM,1,0.9173333333333333,516,9,4081,84
normal_rounded,GMM,2,0.9173333333333333,516,9,4081,84
normal_rounded,Mahalanobis,0,0.8947368421052632,493,9,4081,107
normal_rounded,LOF20,0,0.7397540983606558,361,15,4075,239
normal_rounded,PCA_Recon,0,0.6832432432432433,316,9,4081,284
normal_rounded,KDE,0,0.6695842450765864,306,8,4082,294
normal_rounded,kNN20,0,0.6390134529147982,285,7,4083,315
normal_rounded,OCSVM,0,0.6123853211009175,267,5,4085,333
normal_rounded,IsolationForest,0,0.5086848635235732,205,1,4089,395
normal_rounded,IsolationForest,1,0.49625935162094764,199,3,4087,401
normal_rounded,IsolationForest,2,0.48553459119496856,193,2,4088,407
fault_jittered,GMM,0,0.9168141592920354,518,12,4078,82
fault_jittered,GMM,1,0.9173333333333333,516,9,4081,84
fault_jittered,GMM,2,0.9173333333333333,516,9,4081,84
fault_jittered,Mahalanobis,0,0.8937329700272479,492,9,4081,108
fault_jittered,LOF20,0,0.7410440122824974,362,15,4075,238
fault_jittered,PCA_Recon,0,0.6832432432432433,316,9,4081,284
fault_jittered,KDE,0,0.6695842450765864,306,8,4082,294
fault_jittered,kNN20,0,0.6390134529147982,285,7,4083,315
fault_jittered,OCSVM,0,0.6123853211009175,267,5,4085,333
fault_jittered,IsolationForest,0,0.5062034739454094,204,2,4088,396
fault_jittered,IsolationForest,1,0.5,201,3,4087,399
fault_jittered,IsolationForest,2,0.4893350062735257,195,2,4088,405
level_removed,GMM,0,0.8809523809523809,481,11,4079,119
level_removed,GMM,1,0.8809523809523809,481,11,4079,119
level_removed,GMM,2,0.8809523809523809,481,11,4079,119
level_removed,Mahalanobis,0,0.8734995383194829,473,10,4080,127
level_removed,LOF20,0,0.7497446373850868,367,12,4078,233
level_removed,PCA_Recon,0,0.7507692307692307,366,9,4081,234
level_removed,KDE,0,0.7194092827004219,341,7,4083,259
level_removed,kNN20,0,0.6630076838638859,302,9,4081,298
level_removed,OCSVM,0,0.6607929515418502,300,8,4082,300
level_removed,IsolationForest,0,0.5498199279711885,229,4,4086,371
level_removed,IsolationForest,1,0.5434782608695652,225,3,4087,375
level_removed,IsolationForest,2,0.5469879518072289,227,3,4087,373
