mode,model,window_size,stochastic,n,F1_mean,F1_std,precision_mean,precision_std,recall_mean,recall_std,false_alarm_rate_mean,false_alarm_rate_std,miss_rate_mean,miss_rate_std,normal_clip_alarm_rate_mean,normal_clip_alarm_rate_std,TP_mean,TP_std,FP_mean,FP_std,TN_mean,TN_std,FN_mean,FN_std,normal_alert_clips_mean,normal_alert_clips_std,detected_clips_mean,detected_clips_std,no_alert_clips_mean,no_alert_clips_std,median_delay_s_mean,median_delay_s_std,mean_delay_s_mean,mean_delay_s_std,p90_delay_s_mean,p90_delay_s_std,early_0.2s_mean,early_0.2s_std,early_0.5s_mean,early_0.5s_std,early_1s_mean,early_1s_std,early_2s_mean,early_2s_std,common_F1_mean,common_F1_std,common_false_alarm_rate_mean,common_false_alarm_rate_std,common_miss_rate_mean,common_miss_rate_std
natural,Persistence,2,False,1,0.4,,1.0,,0.25,,0.0,,0.75,,0.0,,150.0,,0.0,,4090.0,,450.0,,0.0,,17.0,,4.0,,0.2,,0.6294117647058824,,1.4600000000000002,,0.4285714285714285,,0.5714285714285714,,0.6666666666666666,,0.7619047619047619,,0.4130434782608695,,0.0,,0.7397260273972602,
natural,VAR_Ridge,2,False,1,0.6220204313280363,,0.9750889679715302,,0.4566666666666666,,0.0017114914425427,,0.5433333333333333,,0.0166666666666666,,274.0,,7.0,,4083.0,,326.0,,2.0,,19.0,,2.0,,0.2,,0.4210526315789473,,0.92,,0.5714285714285714,,0.7142857142857143,,0.8571428571428571,,0.9047619047619048,,0.6875,,0.0008810572687224,,0.4726027397260274,
natural,MLP32,2,True,3,0.642377735786463,0.0069844329947047,0.9686725750359664,0.0035128400944976,0.4805555555555555,0.0082214714371937,0.0022819885900569,0.0002823228700194,0.5194444444444445,0.0082214714371937,0.0333333333333333,0.0083333333333333,288.3333333333333,4.932882862316248,9.333333333333334,1.1547005383792517,4080.6666666666665,1.1547005383792517,311.6666666666667,4.932882862316248,4.0,1.0,19.333333333333332,0.5773502691896258,1.6666666666666667,0.5773502691896257,0.2,3.3993498887762956e-17,0.4157017543859648,0.0106581654719783,0.8333333333333334,0.0115470053837922,0.5238095238095238,0.0476190476190476,0.7301587301587302,0.0274928699614107,0.873015873015873,0.0274928699614107,0.9206349206349206,0.0274928699614107,0.7051285060094638,0.0105921893326016,0.0029368575624082,0.0005086786512683,0.4429223744292237,0.0142579862977132
natural,AR,2,False,1,0.570414201183432,,0.9836734693877552,,0.4016666666666666,,0.0009779951100244,,0.5983333333333334,,0.025,,241.0,,4.0,,4086.0,,359.0,,3.0,,19.0,,2.0,,0.2,,0.4684210526315789,,1.0599999999999994,,0.4761904761904761,,0.7142857142857143,,0.8095238095238095,,0.9047619047619048,,0.6359447004608295,,0.0017621145374449,,0.5273972602739726,
natural,AR_Relation,2,False,1,0.6390134529147982,,0.976027397260274,,0.475,,0.0017114914425427,,0.525,,0.0166666666666666,,285.0,,7.0,,4083.0,,315.0,,2.0,,19.0,,2.0,,0.2,,0.4578947368421052,,1.0399999999999998,,0.5714285714285714,,0.6666666666666666,,0.8095238095238095,,0.9047619047619048,,0.6991150442477876,,0.0008810572687224,,0.4589041095890411,
natural,LSTM32,2,True,3,0.6700583314008456,0.0020886322373152,0.9705030601582324,0.0016030325432045,0.5116666666666666,0.0028867513459481,0.002281988590057,0.0001411614350096,0.4883333333333333,0.0028867513459481,0.036111111111111,0.0048112522432468,307.0,1.7320508075688772,9.333333333333334,0.5773502691896257,4080.6666666666665,0.5773502691896258,293.0,1.7320508075688772,4.333333333333333,0.5773502691896258,20.0,0.0,1.0,0.0,0.2,3.3993498887762956e-17,0.3983333333333332,0.0076376261582596,0.8066666666666668,0.0115470053837926,0.6190476190476191,0.0,0.746031746031746,0.0274928699614107,0.9047619047619048,0.0,0.9523809523809522,1.3597399555105182e-16,0.7308899512289342,0.0035964162791763,0.0029368575624082,0.0010173573025367,0.4109589041095891,6.798699777552591e-17
natural,GRU32,2,True,3,0.6622354789246958,0.0089218149565929,0.9699882807982466,0.0017693032425139,0.5027777777777778,0.0101835015443463,0.002281988590057,0.0001411614350096,0.4972222222222222,0.0101835015443463,0.0388888888888888,0.0048112522432468,301.6666666666667,6.110100926607787,9.333333333333334,0.5773502691896257,4080.6666666666665,0.5773502691896258,298.3333333333333,6.110100926607787,4.666666666666667,0.5773502691896258,19.333333333333332,0.5773502691896258,1.6666666666666667,0.5773502691896257,0.2,3.3993498887762956e-17,0.3806140350877192,0.0217648178157357,0.8133333333333334,0.0230940107675849,0.6507936507936507,0.0274928699614107,0.746031746031746,0.0274928699614107,0.873015873015873,0.0274928699614107,0.9206349206349206,0.0274928699614107,0.7264802210104008,0.0054424419149473,0.0026431718061674,5.311484201212962e-19,0.4178082191780821,0.0068493150684931
natural,PCA_Recon,2,False,1,0.6832432432432433,,0.9723076923076924,,0.5266666666666666,,0.002200488997555,,0.4733333333333333,,0.075,,316.0,,9.0,,4081.0,,284.0,,9.0,,17.0,,4.0,,0.2,,0.3705882352941176,,0.68,,0.6190476190476191,,0.6666666666666666,,0.7619047619047619,,0.8095238095238095,,0.8048780487804879,,0.0008810572687224,,0.3219178082191781,
natural,AE_Recon,2,True,3,0.6089794467073139,0.0034313393280663,0.9697759470001462,0.00849927134054,0.4438888888888888,0.0053575837561072,0.0020374898125508,0.0006153084299324,0.5561111111111111,0.0053575837561071,0.0277777777777777,0.0096225044864937,266.3333333333333,3.2145502536643185,8.333333333333334,2.516611478423583,4081.6666666666665,2.516611478423583,333.6666666666667,3.2145502536643185,3.3333333333333335,1.1547005383792517,18.0,0.0,3.0,0.0,0.2,3.3993498887762956e-17,0.474074074074074,0.0032075014954978,1.3099999999999998,0.0173205080756887,0.6190476190476191,0.0,0.6666666666666666,0.0,0.7142857142857143,0.0,0.8095238095238096,1.3597399555105182e-16,0.640869939707149,0.0017156403348012,0.0002936857562408,0.0005086786512683,0.5273972602739726,0.0
natural,Mahalanobis,2,False,1,0.8947368421052632,,0.9820717131474104,,0.8216666666666667,,0.002200488997555,,0.1783333333333333,,0.0083333333333333,,493.0,,9.0,,4081.0,,107.0,,1.0,,21.0,,0.0,,0.2,,0.2333333333333333,,0.3,,0.8095238095238095,,0.9523809523809524,,1.0,,1.0,,0.9608540925266904,,0.0,,0.0753424657534246,
natural,kNN20,2,False,1,0.6390134529147982,,0.976027397260274,,0.475,,0.0017114914425427,,0.525,,0.0083333333333333,,285.0,,7.0,,4083.0,,315.0,,1.0,,18.0,,3.0,,0.2,,0.4666666666666667,,1.3,,0.6190476190476191,,0.6666666666666666,,0.7142857142857143,,0.8571428571428571,,0.6666666666666666,,0.0,,0.5,
natural,GMM,2,True,3,0.9171602753195672,0.0002997452724995,0.9810242587601076,0.0031746483804497,0.861111111111111,0.0019245008972987,0.0024449877750611,0.000423484305029,0.1388888888888888,0.0019245008972987,0.0166666666666666,0.0,516.6666666666666,1.1547005383792517,10.0,1.7320508075688772,4080.0,1.7320508075688772,83.33333333333333,1.1547005383792517,2.0,0.0,21.0,0.0,0.0,0.0,0.2,3.3993498887762956e-17,0.2174603174603174,0.0054985739922821,0.3,0.0,0.8571428571428571,0.0,1.0,0.0,1.0,0.0,1.0,0.0,0.971830985915493,0.0,0.0,0.0,0.0547945205479452,0.0
natural,KDE,2,False,1,0.6695842450765864,,0.9745222929936306,,0.51,,0.0019559902200488,,0.49,,0.0083333333333333,,306.0,,8.0,,4082.0,,294.0,,1.0,,18.0,,3.0,,0.2,,0.3944444444444445,,0.8300000000000001,,0.6190476190476191,,0.7142857142857143,,0.8095238095238095,,0.8571428571428571,,0.7079646017699115,,0.0,,0.4520547945205479,
natural,LOF20,2,False,1,0.7423312883435583,,0.9603174603174603,,0.605,,0.0036674816625916,,0.395,,0.0166666666666666,,363.0,,15.0,,4075.0,,237.0,,2.0,,21.0,,0.0,,0.2,,0.3857142857142858,,0.9,,0.6666666666666666,,0.8571428571428571,,0.9523809523809524,,1.0,,0.8,,0.0008810572687224,,0.3287671232876712,
natural,IsolationForest,2,True,3,0.498512826739645,0.0085320023223791,0.9884776985063408,0.0027659670402774,0.3333333333333333,0.0076376261582597,0.0005704971475142,0.0001411614350096,0.6666666666666666,0.0076376261582597,0.0194444444444444,0.0048112522432469,200.0,4.58257569495584,2.3333333333333335,0.5773502691896258,4087.6666666666665,0.5773502691896258,400.0,4.58257569495584,2.3333333333333335,0.5773502691896258,17.0,0.0,4.0,0.0,0.2333333333333333,0.0577350269189625,0.8803921568627451,0.0169808902702831,2.4600000000000004,0.0346410161513775,0.4285714285714285,0.0476190476190476,0.5714285714285714,0.0,0.6190476190476191,0.0,0.7142857142857143,0.0,0.552618316018794,0.0085461060855095,0.0005873715124816,0.0005086786512683,0.6164383561643836,0.0068493150684931
natural,OCSVM,2,False,1,0.6123853211009175,,0.9816176470588236,,0.445,,0.0012224938875305,,0.555,,0.0083333333333333,,267.0,,5.0,,4085.0,,333.0,,1.0,,18.0,,3.0,,0.2,,0.4944444444444444,,1.4200000000000004,,0.6190476190476191,,0.6666666666666666,,0.7142857142857143,,0.8095238095238095,,0.6291079812206573,,0.0,,0.541095890410959,
natural,RobustMAD,2,False,1,0.5074257425742574,,0.9855769230769232,,0.3416666666666667,,0.0007334963325183,,0.6583333333333333,,0.0166666666666666,,205.0,,3.0,,4087.0,,395.0,,2.0,,17.0,,4.0,,0.2,,0.8411764705882352,,2.3400000000000007,,0.4761904761904761,,0.5238095238095238,,0.6190476190476191,,0.7142857142857143,,0.5865384615384616,,0.0008810572687224,,0.5821917808219178,
