clip_id,y_true,detected,first_alarm_seconds
normal_0480,0,False,
normal_0481,0,False,
normal_0482,0,False,
normal_0483,0,False,
normal_0484,0,False,
normal_0485,0,False,
normal_0486,0,False,
normal_0487,0,False,
normal_0488,0,False,
normal_0489,0,False,
normal_0490,0,False,
normal_0491,0,False,
normal_0492,0,False,
normal_0493,0,False,
normal_0494,0,False,
normal_0495,0,False,
normal_0496,0,False,
normal_0497,0,False,
normal_0498,0,False,
normal_0499,0,False,
normal_0500,0,False,
normal_0501,0,False,
normal_0502,0,False,
normal_0503,0,False,
normal_0504,0,False,
normal_0505,0,False,
normal_0506,0,False,
normal_0507,0,False,
normal_0508,0,False,
normal_0509,0,False,
normal_0510,0,False,
normal_0511,0,False,
normal_0512,0,False,
normal_0513,0,False,
normal_0514,0,False,
normal_0515,0,False,
normal_0516,0,False,
normal_0517,0,False,
normal_0518,0,False,
normal_0519,0,False,
normal_0520,0,False,
normal_0521,0,False,
normal_0522,0,False,
normal_0523,0,False,
normal_0524,0,False,
normal_0525,0,False,
normal_0526,0,False,
normal_0527,0,False,
normal_0528,0,False,
normal_0529,0,False,
normal_0530,0,False,
normal_0531,0,False,
normal_0532,0,False,
normal_0533,0,False,
normal_0534,0,False,
normal_0535,0,False,
normal_0536,0,False,
normal_0537,0,False,
normal_0538,0,False,
normal_0539,0,False,
normal_0540,0,False,
normal_0541,0,False,
normal_0542,0,False,
normal_0543,0,False,
normal_0544,0,False,
normal_0545,0,False,
normal_0546,0,False,
normal_0547,0,False,
normal_0548,0,False,
normal_0549,0,False,
normal_0550,0,False,
normal_0551,0,False,
normal_0552,0,False,
normal_0553,0,False,
normal_0554,0,False,
normal_0555,0,False,
normal_0556,0,False,
normal_0557,0,False,
normal_0558,0,False,
normal_0559,0,False,
normal_0560,0,False,
normal_0561,0,False,
normal_0562,0,False,
normal_0563,0,False,
normal_0564,0,False,
normal_0565,0,False,
normal_0566,0,False,
normal_0567,0,False,
normal_0568,0,False,
normal_0569,0,False,
normal_0570,0,True,0.2
normal_0571,0,False,
normal_0572,0,False,
normal_0573,0,False,
normal_0574,0,False,
normal_0575,0,False,
normal_0576,0,False,
normal_0577,0,False,
normal_0578,0,False,
normal_0579,0,False,
normal_0580,0,False,
normal_0581,0,False,
normal_0582,0,False,
normal_0583,0,False,
normal_0584,0,False,
normal_0585,0,False,
normal_0586,0,False,
normal_0587,0,False,
normal_0588,0,False,
normal_0589,0,False,
normal_0590,0,False,
normal_0591,0,False,
normal_0592,0,False,
normal_0593,0,False,
normal_0594,0,False,
normal_0595,0,False,
normal_0596,0,False,
normal_0597,0,False,
normal_0598,0,False,
normal_0599,0,False,
fault_0001,1,True,0.0
fault_0002,1,True,0.0
fault_0003,1,True,0.1
fault_0004,1,True,0.4
fault_0005,1,True,0.2
fault_0006,1,True,0.0
fault_0007,1,True,0.0
fault_0008,1,True,0.0
fault_0009,1,True,0.2
fault_0010,1,True,0.0
fault_0011,1,True,0.0
fault_0012,1,True,0.0
fault_0013,1,True,0.1
fault_0014,1,True,0.2
fault_0015,1,True,0.0
fault_0016,1,True,0.2
fault_0017,1,True,0.0
fault_0018,1,True,0.0
fault_0019,1,True,0.3
fault_0020,1,True,0.2
fault_0021,1,True,0.3
