condition,method,F1_mean,F1_std,FP_mean,FP_std,FN_mean,FN_std
fault_jittered,GMM,0.9274853801169591,0.0010128952091046177,11.333333333333334,0.5773502691896258,71.33333333333333,0.5773502691896247
fault_jittered,IsolationForest,0.510937731766349,0.0015653275638152222,1.3333333333333333,1.5275252316519468,393.6666666666667,0.5773502691896216
fault_jittered,KDE,0.6883116883116883,,6.0,,282.0,
fault_jittered,LOF20,0.8307984790874525,,15.0,,163.0,
fault_jittered,Mahalanobis,0.9233480176211454,,11.0,,76.0,
fault_jittered,OCSVM,0.6248574686431014,,3.0,,326.0,
fault_jittered,PCA_Recon,0.7785501489572989,,15.0,,208.0,
fault_jittered,kNN20,0.647450110864745,,10.0,,308.0,
level_removed,GMM,0.9072049074898585,0.0009322604524759857,14.333333333333334,1.1547005383792515,90.0,0.0
level_removed,IsolationForest,0.5631339997382928,0.004951700987110189,3.0,0.0,363.6666666666667,2.8867513459481207
level_removed,KDE,0.7651821862348178,,10.0,,222.0,
level_removed,LOF20,0.8346007604562737,,13.0,,161.0,
level_removed,Mahalanobis,0.9089285714285714,,11.0,,91.0,
level_removed,OCSVM,0.6968716289104638,,4.0,,277.0,
level_removed,PCA_Recon,0.836676217765043,,9.0,,162.0,
level_removed,kNN20,0.7068783068783069,,11.0,,266.0,
normal_rounded,GMM,0.9274858561972348,0.0012998255539509787,11.333333333333334,1.1547005383792517,71.33333333333333,0.5773502691896247
normal_rounded,IsolationForest,0.5099168659852431,0.0006081891681565357,1.0,1.0,394.3333333333333,0.577350269189634
normal_rounded,KDE,0.6889848812095032,,7.0,,281.0,
normal_rounded,LOF20,0.8300094966761633,,16.0,,163.0,
normal_rounded,Mahalanobis,0.9233480176211454,,11.0,,76.0,
normal_rounded,OCSVM,0.6248574686431014,,3.0,,326.0,
normal_rounded,PCA_Recon,0.7785501489572989,,15.0,,208.0,
normal_rounded,kNN20,0.647450110864745,,10.0,,308.0,
original,GMM,0.9277985351927877,0.0013673148426948357,11.333333333333334,0.5773502691896258,71.0,1.0
original,IsolationForest,0.510937731766349,0.0015653275638152222,1.3333333333333333,1.5275252316519468,393.6666666666667,0.5773502691896216
original,KDE,0.6883116883116883,,6.0,,282.0,
original,LOF20,0.829686013320647,,15.0,,164.0,
original,Mahalanobis,0.9233480176211454,,11.0,,76.0,
original,OCSVM,0.6248574686431014,,3.0,,326.0,
original,PCA_Recon,0.7785501489572989,,15.0,,208.0,
original,kNN20,0.647450110864745,,10.0,,308.0,
