seed,clip_id,kind,start_index,end_index,points,start_s,end_s,max_margin,min_margin
0,normal_0570,FP,2,2,1,0.2,0.2,0.6261675034595466,0.6261675034595466
0,normal_0570,FP,6,7,2,0.6,0.7,7.392479745849263,2.517154189396278
0,normal_0570,FP,10,13,4,1.0,1.3,14.535789227887319,1.0378157012335887
0,normal_0570,FP,20,22,3,2.0,2.2,5.049222397248789,2.753893650309413
0,normal_0576,FP,20,21,2,2.0,2.1,1.2013058997584256,0.20148613025770246
0,fault_0001,FN_warmup,0,1,2,0.0,0.1,,
0,fault_0002,FN_warmup,0,1,2,0.0,0.1,,
0,fault_0002,FN_after_first_alarm,36,36,1,3.6,3.6,-3.7609088674188413,-3.7609088674188413
0,fault_0002,FN_after_first_alarm,47,47,1,4.7,4.7,-1.175331939291194,-1.175331939291194
0,fault_0003,FN_warmup,0,1,2,0.0,0.1,,
0,fault_0003,FN_after_first_alarm,4,4,1,0.4,0.4,-2.3080707127487265,-2.3080707127487265
0,fault_0004,FN_warmup,0,1,2,0.0,0.1,,
0,fault_0004,FN_before_first_alarm,2,4,3,0.2,0.4,-1.7934539121421214,-5.7173672621330205
0,fault_0004,FN_after_first_alarm,13,13,1,1.3,1.3,-2.5175245164187903,-2.5175245164187903
0,fault_0004,FN_after_first_alarm,20,20,1,2.0,2.0,-7.391181636231802,-7.391181636231802
0,fault_0005,FN_warmup,0,1,2,0.0,0.1,,
0,fault_0006,FN_warmup,0,1,2,0.0,0.1,,
0,fault_0007,FN_warmup,0,1,2,0.0,0.1,,
0,fault_0007,FN_after_first_alarm,24,25,2,2.4,2.5,-5.7570050099842405,-8.822467828643646
0,fault_0008,FN_warmup,0,1,2,0.0,0.1,,
0,fault_0009,FN_warmup,0,1,2,0.0,0.1,,
0,fault_0010,FN_warmup,0,1,2,0.0,0.1,,
0,fault_0011,FN_warmup,0,1,2,0.0,0.1,,
0,fault_0012,FN_warmup,0,1,2,0.0,0.1,,
0,fault_0012,FN_after_first_alarm,30,30,1,3.0,3.0,-1.0466257545114708,-1.0466257545114708
0,fault_0013,FN_warmup,0,1,2,0.0,0.1,,
0,fault_0013,FN_after_first_alarm,15,15,1,1.5,1.5,-6.36870718809543,-6.36870718809543
0,fault_0013,FN_after_first_alarm,32,32,1,3.2,3.2,-2.0827288986982104,-2.0827288986982104
0,fault_0013,FN_after_first_alarm,37,37,1,3.7,3.7,-6.236005916905356,-6.236005916905356
0,fault_0013,FN_after_first_alarm,40,40,1,4.0,4.0,-3.6682948299389757,-3.6682948299389757
0,fault_0014,FN_warmup,0,1,2,0.0,0.1,,
0,fault_0015,FN_warmup,0,1,2,0.0,0.1,,
0,fault_0015,FN_after_first_alarm,9,9,1,0.9,0.9,-8.087414878467827,-8.087414878467827
0,fault_0015,FN_after_first_alarm,11,11,1,1.1,1.1,-7.696256753149421,-7.696256753149421
0,fault_0016,FN_warmup,0,1,2,0.0,0.1,,
0,fault_0016,FN_after_first_alarm,4,4,1,0.4,0.4,-1.4570040571362028,-1.4570040571362028
0,fault_0016,FN_after_first_alarm,9,9,1,0.9,0.9,-8.357084290902039,-8.357084290902039
0,fault_0016,FN_after_first_alarm,15,15,1,1.5,1.5,-2.9079646708953817,-2.9079646708953817
0,fault_0016,FN_after_first_alarm,17,18,2,1.7,1.8,-0.38866205186389813,-3.5775313405053097
0,fault_0016,FN_after_first_alarm,25,25,1,2.5,2.5,-1.3566447573999056,-1.3566447573999056
0,fault_0016,FN_after_first_alarm,29,29,1,2.9,2.9,-3.3429261855321677,-3.3429261855321677
0,fault_0017,FN_warmup,0,1,2,0.0,0.1,,
0,fault_0017,FN_after_first_alarm,19,21,3,1.9,2.1,-3.2217038867711576,-6.877331429777467
0,fault_0017,FN_after_first_alarm,29,29,1,2.9,2.9,-4.887204794846479,-4.887204794846479
0,fault_0017,FN_after_first_alarm,31,32,2,3.1,3.2,-7.430260706891358,-7.54599011410102
0,fault_0018,FN_warmup,0,1,2,0.0,0.1,,
0,fault_0018,FN_after_first_alarm,19,20,2,1.9,2.0,-4.334680428527813,-4.8144825327931535
0,fault_0018,FN_after_first_alarm,23,23,1,2.3,2.3,-5.538673626087082,-5.538673626087082
0,fault_0018,FN_after_first_alarm,28,28,1,2.8,2.8,-1.041517690321971,-1.041517690321971
0,fault_0019,FN_warmup,0,1,2,0.0,0.1,,
0,fault_0019,FN_before_first_alarm,2,2,1,0.2,0.2,-4.013970264309176,-4.013970264309176
0,fault_0020,FN_warmup,0,1,2,0.0,0.1,,
0,fault_0021,FN_warmup,0,1,2,0.0,0.1,,
0,fault_0021,FN_before_first_alarm,2,2,1,0.2,0.2,-9.586408068802818,-9.586408068802818
0,fault_0021,FN_after_first_alarm,9,10,2,0.9,1.0,-4.840699937542974,-6.130564604899236
0,fault_0021,FN_after_first_alarm,12,13,2,1.2,1.3,-4.604134496121613,-8.861128341114366
1,normal_0570,FP,7,7,1,0.7,0.7,8.283236306188122,8.283236306188122
1,normal_0570,FP,10,13,4,1.0,1.3,14.766408247596242,2.5397644519205578
1,normal_0570,FP,20,22,3,2.0,2.2,5.337342582839533,3.597939607355645
1,normal_0576,FP,20,20,1,2.0,2.0,0.24459635626720377,0.24459635626720377
1,fault_0001,FN_warmup,0,1,2,0.0,0.1,,
1,fault_0002,FN_warmup,0,1,2,0.0,0.1,,
1,fault_0002,FN_after_first_alarm,36,36,1,3.6,3.6,-1.5114677377181192,-1.5114677377181192
1,fault_0002,FN_after_first_alarm,45,45,1,4.5,4.5,-1.025610811358499,-1.025610811358499
1,fault_0002,FN_after_first_alarm,47,47,1,4.7,4.7,-3.261116353481354,-3.261116353481354
1,fault_0003,FN_warmup,0,1,2,0.0,0.1,,
1,fault_0003,FN_after_first_alarm,4,4,1,0.4,0.4,-3.0565129684872385,-3.0565129684872385
1,fault_0003,FN_after_first_alarm,12,12,1,1.2,1.2,-2.7047900255803548,-2.7047900255803548
1,fault_0004,FN_warmup,0,1,2,0.0,0.1,,
1,fault_0004,FN_before_first_alarm,2,2,1,0.2,0.2,-4.3142097658166065,-4.3142097658166065
1,fault_0004,FN_after_first_alarm,4,4,1,0.4,0.4,-6.087813525621106,-6.087813525621106
1,fault_0004,FN_after_first_alarm,13,13,1,1.3,1.3,-3.846551365059762,-3.846551365059762
1,fault_0004,FN_after_first_alarm,20,20,1,2.0,2.0,-8.691269390864111,-8.691269390864111
1,fault_0005,FN_warmup,0,1,2,0.0,0.1,,
1,fault_0006,FN_warmup,0,1,2,0.0,0.1,,
1,fault_0007,FN_warmup,0,1,2,0.0,0.1,,
1,fault_0007,FN_after_first_alarm,24,25,2,2.4,2.5,-7.450000190443381,-10.721961481231649
1,fault_0008,FN_warmup,0,1,2,0.0,0.1,,
1,fault_0009,FN_warmup,0,1,2,0.0,0.1,,
1,fault_0010,FN_warmup,0,1,2,0.0,0.1,,
1,fault_0011,FN_warmup,0,1,2,0.0,0.1,,
1,fault_0012,FN_warmup,0,1,2,0.0,0.1,,
1,fault_0012,FN_after_first_alarm,4,4,1,0.4,0.4,-1.1625735148790284,-1.1625735148790284
1,fault_0013,FN_warmup,0,1,2,0.0,0.1,,
1,fault_0013,FN_after_first_alarm,15,15,1,1.5,1.5,-6.670612812834962,-6.670612812834962
1,fault_0013,FN_after_first_alarm,32,32,1,3.2,3.2,-4.587866670966211,-4.587866670966211
1,fault_0013,FN_after_first_alarm,37,37,1,3.7,3.7,-7.764927771255252,-7.764927771255252
1,fault_0013,FN_after_first_alarm,40,40,1,4.0,4.0,-4.245968856497875,-4.245968856497875
1,fault_0014,FN_warmup,0,1,2,0.0,0.1,,
1,fault_0015,FN_warmup,0,1,2,0.0,0.1,,
1,fault_0015,FN_after_first_alarm,9,9,1,0.9,0.9,-9.062062594809998,-9.062062594809998
1,fault_0015,FN_after_first_alarm,11,11,1,1.1,1.1,-8.811725220463675,-8.811725220463675
1,fault_0016,FN_warmup,0,1,2,0.0,0.1,,
1,fault_0016,FN_after_first_alarm,4,4,1,0.4,0.4,-1.960089015004483,-1.960089015004483
1,fault_0016,FN_after_first_alarm,9,9,1,0.9,0.9,-9.357729153642637,-9.357729153642637
1,fault_0016,FN_after_first_alarm,15,15,1,1.5,1.5,-3.663002284937381,-3.663002284937381
1,fault_0016,FN_after_first_alarm,17,18,2,1.7,1.8,-3.2000408876507986,-4.1995843954047185
1,fault_0016,FN_after_first_alarm,25,25,1,2.5,2.5,-1.9971149790603508,-1.9971149790603508
1,fault_0016,FN_after_first_alarm,29,29,1,2.9,2.9,-2.856989534121876,-2.856989534121876
1,fault_0017,FN_warmup,0,1,2,0.0,0.1,,
1,fault_0017,FN_after_first_alarm,10,10,1,1.0,1.0,-0.17323407747089448,-0.17323407747089448
1,fault_0017,FN_after_first_alarm,19,21,3,1.9,2.1,-4.268832249258256,-7.563950015268098
1,fault_0017,FN_after_first_alarm,29,29,1,2.9,2.9,-5.800032105352162,-5.800032105352162
1,fault_0017,FN_after_first_alarm,31,32,2,3.1,3.2,-7.5808246714758125,-7.75618232793591
1,fault_0018,FN_warmup,0,1,2,0.0,0.1,,
1,fault_0018,FN_after_first_alarm,19,20,2,1.9,2.0,-3.543547277648516,-5.271686541171457
1,fault_0018,FN_after_first_alarm,23,23,1,2.3,2.3,-5.294505916719732,-5.294505916719732
1,fault_0018,FN_after_first_alarm,28,28,1,2.8,2.8,-2.2439033886234743,-2.2439033886234743
1,fault_0019,FN_warmup,0,1,2,0.0,0.1,,
1,fault_0019,FN_before_first_alarm,2,2,1,0.2,0.2,-5.233692388841986,-5.233692388841986
1,fault_0020,FN_warmup,0,1,2,0.0,0.1,,
1,fault_0021,FN_warmup,0,1,2,0.0,0.1,,
1,fault_0021,FN_before_first_alarm,2,2,1,0.2,0.2,-10.313691345319988,-10.313691345319988
1,fault_0021,FN_after_first_alarm,9,10,2,0.9,1.0,-5.335614457366919,-7.520767501090644
1,fault_0021,FN_after_first_alarm,12,13,2,1.2,1.3,-6.013611126728607,-9.303787250103241
2,normal_0570,FP,7,7,1,0.7,0.7,8.497388889048555,8.497388889048555
2,normal_0570,FP,10,13,4,1.0,1.3,14.882739611336454,2.6466229153888854
2,normal_0570,FP,20,22,3,2.0,2.2,5.43558623804163,3.5611812285443953
2,normal_0576,FP,20,20,1,2.0,2.0,0.2876876139500979,0.2876876139500979
2,fault_0001,FN_warmup,0,1,2,0.0,0.1,,
2,fault_0002,FN_warmup,0,1,2,0.0,0.1,,
2,fault_0002,FN_after_first_alarm,36,36,1,3.6,3.6,-1.4442342494548512,-1.4442342494548512
2,fault_0002,FN_after_first_alarm,45,45,1,4.5,4.5,-0.8936180580541944,-0.8936180580541944
2,fault_0002,FN_after_first_alarm,47,47,1,4.7,4.7,-3.19145848857176,-3.19145848857176
2,fault_0003,FN_warmup,0,1,2,0.0,0.1,,
2,fault_0003,FN_after_first_alarm,4,4,1,0.4,0.4,-2.997001141347482,-2.997001141347482
2,fault_0003,FN_after_first_alarm,12,12,1,1.2,1.2,-2.565950666398452,-2.565950666398452
2,fault_0004,FN_warmup,0,1,2,0.0,0.1,,
2,fault_0004,FN_before_first_alarm,2,2,1,0.2,0.2,-4.213811794778417,-4.213811794778417
2,fault_0004,FN_after_first_alarm,4,4,1,0.4,0.4,-5.9238853303854455,-5.9238853303854455
2,fault_0004,FN_after_first_alarm,13,13,1,1.3,1.3,-3.7113868621104906,-3.7113868621104906
2,fault_0004,FN_after_first_alarm,20,20,1,2.0,2.0,-8.597281828343235,-8.597281828343235
2,fault_0005,FN_warmup,0,1,2,0.0,0.1,,
2,fault_0006,FN_warmup,0,1,2,0.0,0.1,,
2,fault_0007,FN_warmup,0,1,2,0.0,0.1,,
2,fault_0007,FN_after_first_alarm,24,25,2,2.4,2.5,-7.307458672719836,-10.578264096662286
2,fault_0008,FN_warmup,0,1,2,0.0,0.1,,
2,fault_0009,FN_warmup,0,1,2,0.0,0.1,,
2,fault_0010,FN_warmup,0,1,2,0.0,0.1,,
2,fault_0011,FN_warmup,0,1,2,0.0,0.1,,
2,fault_0012,FN_warmup,0,1,2,0.0,0.1,,
2,fault_0012,FN_after_first_alarm,4,4,1,0.4,0.4,-1.0308282185301785,-1.0308282185301785
2,fault_0013,FN_warmup,0,1,2,0.0,0.1,,
2,fault_0013,FN_after_first_alarm,15,15,1,1.5,1.5,-6.543333416708359,-6.543333416708359
2,fault_0013,FN_after_first_alarm,32,32,1,3.2,3.2,-4.5218111665338,-4.5218111665338
2,fault_0013,FN_after_first_alarm,37,37,1,3.7,3.7,-7.682852716560403,-7.682852716560403
2,fault_0013,FN_after_first_alarm,40,40,1,4.0,4.0,-4.103544612696213,-4.103544612696213
2,fault_0014,FN_warmup,0,1,2,0.0,0.1,,
2,fault_0015,FN_warmup,0,1,2,0.0,0.1,,
2,fault_0015,FN_after_first_alarm,9,9,1,0.9,0.9,-8.942695189293417,-8.942695189293417
2,fault_0015,FN_after_first_alarm,11,11,1,1.1,1.1,-8.700855615925517,-8.700855615925517
2,fault_0016,FN_warmup,0,1,2,0.0,0.1,,
2,fault_0016,FN_after_first_alarm,4,4,1,0.4,0.4,-1.7400764615790525,-1.7400764615790525
2,fault_0016,FN_after_first_alarm,9,9,1,0.9,0.9,-9.245783094505494,-9.245783094505494
2,fault_0016,FN_after_first_alarm,15,15,1,1.5,1.5,-3.55242397475676,-3.55242397475676
2,fault_0016,FN_after_first_alarm,17,18,2,1.7,1.8,-3.0979453623613935,-4.062636393674445
2,fault_0016,FN_after_first_alarm,25,25,1,2.5,2.5,-1.8074452594936083,-1.8074452594936083
2,fault_0016,FN_after_first_alarm,29,29,1,2.9,2.9,-2.6263695593476637,-2.6263695593476637
2,fault_0017,FN_warmup,0,1,2,0.0,0.1,,
2,fault_0017,FN_after_first_alarm,10,10,1,1.0,1.0,-0.03145867592317231,-0.03145867592317231
2,fault_0017,FN_after_first_alarm,19,21,3,1.9,2.1,-4.113550830841541,-7.482863437682201
2,fault_0017,FN_after_first_alarm,29,29,1,2.9,2.9,-5.7365571264327215,-5.7365571264327215
2,fault_0017,FN_after_first_alarm,31,32,2,3.1,3.2,-7.50247048061707,-7.644671519504893
2,fault_0018,FN_warmup,0,1,2,0.0,0.1,,
2,fault_0018,FN_after_first_alarm,19,20,2,1.9,2.0,-3.3311069685699763,-5.225593148709056
2,fault_0018,FN_after_first_alarm,23,23,1,2.3,2.3,-5.174789843503673,-5.174789843503673
2,fault_0018,FN_after_first_alarm,28,28,1,2.8,2.8,-2.0651729453761636,-2.0651729453761636
2,fault_0019,FN_warmup,0,1,2,0.0,0.1,,
2,fault_0019,FN_before_first_alarm,2,2,1,0.2,0.2,-5.033620591598245,-5.033620591598245
2,fault_0020,FN_warmup,0,1,2,0.0,0.1,,
2,fault_0021,FN_warmup,0,1,2,0.0,0.1,,
2,fault_0021,FN_before_first_alarm,2,2,1,0.2,0.2,-10.189755529408554,-10.189755529408554
2,fault_0021,FN_after_first_alarm,9,10,2,0.9,1.0,-5.187927975664659,-7.410882392763394
2,fault_0021,FN_after_first_alarm,12,13,2,1.2,1.3,-5.911627906208784,-9.143507637923705
